class,field,value
weapon_glock,_base,weapon_glock_prefab
weapon_glock,_class,weapon_glock
weapon_glock,_not_pickable,1
weapon_glock,m_GearSlot,GEAR_SLOT_PISTOL
weapon_glock,m_GearSlotPosition,0
weapon_glock,m_WeaponType,WEAPONTYPE_PISTOL
weapon_glock,m_bAllowFlipping,true
weapon_glock,m_bAutoSwitchFrom,true
weapon_glock,m_bAutoSwitchTo,true
weapon_glock,m_bBuiltRightHanded,true
weapon_glock,m_bCannotShootUnderwater,false
weapon_glock,m_bHasBurstMode,true
weapon_glock,m_bHideViewModelWhenZoomed,false
weapon_glock,m_bIsFullAuto,false
weapon_glock,m_bIsRevolver,false
weapon_glock,m_bMeleeWeapon,false
weapon_glock,m_bReserveAmmoAsClips,true
weapon_glock,m_bUnzoomsAfterShot,false
weapon_glock,m_eSilencerType,WEAPONSILENCER_NONE
weapon_glock,m_flArmorRatio,0.94
weapon_glock,m_flAttackMovespeedFactor,1.0
weapon_glock,m_flCycleTime,0.15|0.3
weapon_glock,m_flCycleTimeWhenInBurstMode,0.5
weapon_glock,m_flDeployDuration,1.0
weapon_glock,m_flDisallowAttackAfterReloadStartDuration,2.266667
weapon_glock,m_flFlinchVelocityModifierLarge,0.5
weapon_glock,m_flFlinchVelocityModifierSmall,0.65
weapon_glock,m_flHeadshotMultiplier,4.0
weapon_glock,m_flInaccuracyAltSoundThreshold,0.0
weapon_glock,m_flInaccuracyCrouch,0.0042|0.003
weapon_glock,m_flInaccuracyFire,0.056|0.045
weapon_glock,m_flInaccuracyJump,0.08787|0.08787
weapon_glock,m_flInaccuracyJumpApex,0.0
weapon_glock,m_flInaccuracyJumpInitial,0.09662
weapon_glock,m_flInaccuracyLadder,0.137|0.11925
weapon_glock,m_flInaccuracyLand,0.000185|0.000185
weapon_glock,m_flInaccuracyMove,0.01|0.01295
weapon_glock,m_flInaccuracyPitchShift,0.0
weapon_glock,m_flInaccuracyReload,0.0
weapon_glock,m_flInaccuracyStand,0.0056|0.0056
weapon_glock,m_flMaxSpeed,240.0|240.0
weapon_glock,m_flPenetration,1.0
weapon_glock,m_flRange,4096.0
weapon_glock,m_flRangeModifier,0.85
weapon_glock,m_flRecoilAngle,0.0|0.0
weapon_glock,m_flRecoilAngleVariance,20.0|20.0
weapon_glock,m_flRecoilMagnitude,18.0|30.0
weapon_glock,m_flRecoilMagnitudeVariance,0.0|5.0
weapon_glock,m_flRecoveryTimeCrouch,0.2
weapon_glock,m_flRecoveryTimeCrouchFinal,0.33
weapon_glock,m_flRecoveryTimeStand,0.2
weapon_glock,m_flRecoveryTimeStandFinal,0.33
weapon_glock,m_flSpread,0.002|0.015
weapon_glock,m_flTimeBetweenBurstShots,0.05
weapon_glock,m_flZoomTime0,0.0
weapon_glock,m_flZoomTime1,0.0
weapon_glock,m_flZoomTime2,0.0
weapon_glock,m_iDefaultClip1,-1
weapon_glock,m_iDefaultClip2,-1
weapon_glock,m_iMaxClip1,20
weapon_glock,m_iMaxClip2,0
weapon_glock,m_iRumbleEffect,1
weapon_glock,m_iWeight,5
weapon_glock,m_nCrosshairDeltaDistance,3
weapon_glock,m_nCrosshairMinDistance,8
weapon_glock,m_nDamage,30
weapon_glock,m_nKillAward,300
weapon_glock,m_nNumBullets,1
weapon_glock,m_nPrice,200
weapon_glock,m_nPrimaryAmmoType,BULLET_PLAYER_9MM
weapon_glock,m_nPrimaryReserveAmmoMax,3
weapon_glock,m_nRecoilSeed,4484
weapon_glock,m_nRecoveryTransitionEndBullet,5
weapon_glock,m_nRecoveryTransitionStartBullet,0
weapon_glock,m_nSecondaryReserveAmmoMax,0
weapon_glock,m_nSpreadSeed,0
weapon_glock,m_nTracerFrequency,1|1
weapon_glock,m_nZoomFOV1,90
weapon_glock,m_nZoomFOV2,90
weapon_glock,m_nZoomLevels,0
weapon_glock,m_szAnimSkeleton,animation/skeletons/weapons/glock18.vnmskel
weapon_glock,m_szName,weapon_glock
weapon_glock,m_szTracerParticle,particles/weapons/cs_weapon_fx/weapon_tracers_pistol.vpcf
weapon_glock,m_szWorldModel,weapons/models/glock18/weapon_pist_glock18.vmdl
weapon_glock,m_vecMuzzlePos0,21.775|-2.805|-1.975
weapon_hkp2000,_base,weapon_hkp2000_prefab
weapon_hkp2000,_class,weapon_hkp2000
weapon_hkp2000,_not_pickable,1
weapon_hkp2000,m_GearSlot,GEAR_SLOT_PISTOL
weapon_hkp2000,m_GearSlotPosition,0
weapon_hkp2000,m_WeaponType,WEAPONTYPE_PISTOL
weapon_hkp2000,m_bAllowFlipping,true
weapon_hkp2000,m_bAutoSwitchFrom,true
weapon_hkp2000,m_bAutoSwitchTo,true
weapon_hkp2000,m_bBuiltRightHanded,true
weapon_hkp2000,m_bCannotShootUnderwater,false
weapon_hkp2000,m_bHasBurstMode,false
weapon_hkp2000,m_bHideViewModelWhenZoomed,false
weapon_hkp2000,m_bIsFullAuto,false
weapon_hkp2000,m_bIsRevolver,false
weapon_hkp2000,m_bMeleeWeapon,false
weapon_hkp2000,m_bReserveAmmoAsClips,true
weapon_hkp2000,m_bUnzoomsAfterShot,false
weapon_hkp2000,m_eSilencerType,WEAPONSILENCER_NONE
weapon_hkp2000,m_flArmorRatio,1.01
weapon_hkp2000,m_flAttackMovespeedFactor,1.0
weapon_hkp2000,m_flCycleTime,0.17
weapon_hkp2000,m_flCycleTimeWhenInBurstMode,0.0
weapon_hkp2000,m_flDeployDuration,1.0
weapon_hkp2000,m_flDisallowAttackAfterReloadStartDuration,2.266667
weapon_hkp2000,m_flFlinchVelocityModifierLarge,0.5
weapon_hkp2000,m_flFlinchVelocityModifierSmall,0.65
weapon_hkp2000,m_flHeadshotMultiplier,4.0
weapon_hkp2000,m_flInaccuracyAltSoundThreshold,0.0
weapon_hkp2000,m_flInaccuracyCrouch,0.00368|0.00368
weapon_hkp2000,m_flInaccuracyFire,0.05|0.01315
weapon_hkp2000,m_flInaccuracyJump,0.09448|0.09448
weapon_hkp2000,m_flInaccuracyJumpApex,0.0
weapon_hkp2000,m_flInaccuracyJumpInitial,0.0966
weapon_hkp2000,m_flInaccuracyLadder,0.13832|0.1199
weapon_hkp2000,m_flInaccuracyLand,0.000191|0.000198
weapon_hkp2000,m_flInaccuracyMove,0.013|0.01387
weapon_hkp2000,m_flInaccuracyPitchShift,0.0
weapon_hkp2000,m_flInaccuracyReload,0.0
weapon_hkp2000,m_flInaccuracyStand,0.0049|0.0049
weapon_hkp2000,m_flMaxSpeed,240.0|240.0
weapon_hkp2000,m_flPenetration,1.0
weapon_hkp2000,m_flRange,4096.0
weapon_hkp2000,m_flRangeModifier,0.91
weapon_hkp2000,m_flRecoilAngle,0.0|0.0
weapon_hkp2000,m_flRecoilAngleVariance,0.0|0.0
weapon_hkp2000,m_flRecoilMagnitude,26.0|26.0
weapon_hkp2000,m_flRecoilMagnitudeVariance,0.0|0.0
weapon_hkp2000,m_flRecoveryTimeCrouch,0.291277
weapon_hkp2000,m_flRecoveryTimeCrouchFinal,0.291277
weapon_hkp2000,m_flRecoveryTimeStand,0.349532
weapon_hkp2000,m_flRecoveryTimeStandFinal,0.349532
weapon_hkp2000,m_flSpread,0.002|0.0015
weapon_hkp2000,m_flTimeBetweenBurstShots,0.0
weapon_hkp2000,m_flZoomTime0,0.0
weapon_hkp2000,m_flZoomTime1,0.0
weapon_hkp2000,m_flZoomTime2,0.0
weapon_hkp2000,m_iDefaultClip1,-1
weapon_hkp2000,m_iDefaultClip2,-1
weapon_hkp2000,m_iMaxClip1,13
weapon_hkp2000,m_iMaxClip2,0
weapon_hkp2000,m_iRumbleEffect,1
weapon_hkp2000,m_iWeight,5
weapon_hkp2000,m_nCrosshairDeltaDistance,3
weapon_hkp2000,m_nCrosshairMinDistance,8
weapon_hkp2000,m_nDamage,35
weapon_hkp2000,m_nKillAward,300
weapon_hkp2000,m_nNumBullets,1
weapon_hkp2000,m_nPrice,200
weapon_hkp2000,m_nPrimaryAmmoType,BULLET_PLAYER_357SIG
weapon_hkp2000,m_nPrimaryReserveAmmoMax,4
weapon_hkp2000,m_nRecoilSeed,5426
weapon_hkp2000,m_nRecoveryTransitionEndBullet,10
weapon_hkp2000,m_nRecoveryTransitionStartBullet,3
weapon_hkp2000,m_nSecondaryReserveAmmoMax,0
weapon_hkp2000,m_nSpreadSeed,0
weapon_hkp2000,m_nTracerFrequency,1
weapon_hkp2000,m_nZoomFOV1,90
weapon_hkp2000,m_nZoomFOV2,90
weapon_hkp2000,m_nZoomLevels,0
weapon_hkp2000,m_szAnimSkeleton,animation/skeletons/weapons/hkp2000.vnmskel
weapon_hkp2000,m_szName,weapon_hkp2000
weapon_hkp2000,m_szTracerParticle,particles/weapons/cs_weapon_fx/weapon_tracers_pistol.vpcf
weapon_hkp2000,m_szWorldModel,weapons/models/hkp2000/weapon_pist_hkp2000.vmdl
weapon_hkp2000,m_vecMuzzlePos0,21.32|-2.801|-1.704
weapon_usp_silencer,_base,weapon_usp_silencer_prefab
weapon_usp_silencer,_class,weapon_hkp2000
weapon_usp_silencer,_not_pickable,1
weapon_usp_silencer,m_GearSlot,GEAR_SLOT_PISTOL
weapon_usp_silencer,m_GearSlotPosition,0
weapon_usp_silencer,m_WeaponType,WEAPONTYPE_PISTOL
weapon_usp_silencer,m_bAllowFlipping,true
weapon_usp_silencer,m_bAutoSwitchFrom,true
weapon_usp_silencer,m_bAutoSwitchTo,true
weapon_usp_silencer,m_bBuiltRightHanded,true
weapon_usp_silencer,m_bCannotShootUnderwater,false
weapon_usp_silencer,m_bHasBurstMode,false
weapon_usp_silencer,m_bHideViewModelWhenZoomed,false
weapon_usp_silencer,m_bIsFullAuto,false
weapon_usp_silencer,m_bIsRevolver,false
weapon_usp_silencer,m_bMeleeWeapon,false
weapon_usp_silencer,m_bReserveAmmoAsClips,true
weapon_usp_silencer,m_bUnzoomsAfterShot,false
weapon_usp_silencer,m_eSilencerType,WEAPONSILENCER_DETACHABLE
weapon_usp_silencer,m_flArmorRatio,1.01
weapon_usp_silencer,m_flAttackMovespeedFactor,1.0
weapon_usp_silencer,m_flCycleTime,0.17
weapon_usp_silencer,m_flCycleTimeWhenInBurstMode,0.0
weapon_usp_silencer,m_flDeployDuration,1.0
weapon_usp_silencer,m_flDisallowAttackAfterReloadStartDuration,2.2
weapon_usp_silencer,m_flFlinchVelocityModifierLarge,0.5
weapon_usp_silencer,m_flFlinchVelocityModifierSmall,0.65
weapon_usp_silencer,m_flHeadshotMultiplier,4.0
weapon_usp_silencer,m_flInaccuracyAltSoundThreshold,0.0
weapon_usp_silencer,m_flInaccuracyCrouch,0.00368|0.00368
weapon_usp_silencer,m_flInaccuracyFire,0.071|0.052
weapon_usp_silencer,m_flInaccuracyJump,0.09448|0.09448
weapon_usp_silencer,m_flInaccuracyJumpApex,0.0
weapon_usp_silencer,m_flInaccuracyJumpInitial,0.0966
weapon_usp_silencer,m_flInaccuracyLadder,0.13832|0.1199
weapon_usp_silencer,m_flInaccuracyLand,0.000191|0.000198
weapon_usp_silencer,m_flInaccuracyMove,0.01387|0.01387
weapon_usp_silencer,m_flInaccuracyPitchShift,0.0
weapon_usp_silencer,m_flInaccuracyReload,0.0
weapon_usp_silencer,m_flInaccuracyStand,0.0049|0.0049
weapon_usp_silencer,m_flMaxSpeed,240.0|240.0
weapon_usp_silencer,m_flPenetration,1.0
weapon_usp_silencer,m_flRange,4096.0
weapon_usp_silencer,m_flRangeModifier,0.91
weapon_usp_silencer,m_flRecoilAngle,0.0|0.0
weapon_usp_silencer,m_flRecoilAngleVariance,0.0|0.0
weapon_usp_silencer,m_flRecoilMagnitude,29.0|23.0
weapon_usp_silencer,m_flRecoilMagnitudeVariance,0.0|0.0
weapon_usp_silencer,m_flRecoveryTimeCrouch,0.291277
weapon_usp_silencer,m_flRecoveryTimeCrouchFinal,0.291277
weapon_usp_silencer,m_flRecoveryTimeStand,0.349532
weapon_usp_silencer,m_flRecoveryTimeStandFinal,0.349532
weapon_usp_silencer,m_flSpread,0.0025|0.0015
weapon_usp_silencer,m_flTimeBetweenBurstShots,0.0
weapon_usp_silencer,m_flZoomTime0,0.0
weapon_usp_silencer,m_flZoomTime1,0.0
weapon_usp_silencer,m_flZoomTime2,0.0
weapon_usp_silencer,m_iDefaultClip1,-1
weapon_usp_silencer,m_iDefaultClip2,-1
weapon_usp_silencer,m_iMaxClip1,12
weapon_usp_silencer,m_iMaxClip2,0
weapon_usp_silencer,m_iRumbleEffect,1
weapon_usp_silencer,m_iWeight,5
weapon_usp_silencer,m_nCrosshairDeltaDistance,3
weapon_usp_silencer,m_nCrosshairMinDistance,8
weapon_usp_silencer,m_nDamage,35
weapon_usp_silencer,m_nKillAward,300
weapon_usp_silencer,m_nNumBullets,1
weapon_usp_silencer,m_nPrice,200
weapon_usp_silencer,m_nPrimaryAmmoType,BULLET_PLAYER_357SIG_SMALL
weapon_usp_silencer,m_nPrimaryReserveAmmoMax,2
weapon_usp_silencer,m_nRecoilSeed,5426
weapon_usp_silencer,m_nRecoveryTransitionEndBullet,10
weapon_usp_silencer,m_nRecoveryTransitionStartBullet,3
weapon_usp_silencer,m_nSecondaryReserveAmmoMax,0
weapon_usp_silencer,m_nSpreadSeed,0
weapon_usp_silencer,m_nTracerFrequency,1|0
weapon_usp_silencer,m_nZoomFOV1,90
weapon_usp_silencer,m_nZoomFOV2,90
weapon_usp_silencer,m_nZoomLevels,0
weapon_usp_silencer,m_szAnimClass,weapon_usp_silencer
weapon_usp_silencer,m_szAnimSkeleton,animation/skeletons/weapons/usp_silencer.vnmskel
weapon_usp_silencer,m_szName,weapon_usp_silencer
weapon_usp_silencer,m_szTracerParticle,particles/weapons/cs_weapon_fx/weapon_tracers_pistol.vpcf
weapon_usp_silencer,m_szWorldModel,weapons/models/usp_silencer/weapon_pist_usp_silencer.vmdl
weapon_usp_silencer,m_vecMuzzlePos0,22.818|-2.801|-2.2
weapon_usp_silencer,m_vecMuzzlePos1,30.599|-2.8|-2.361
weapon_elite,_base,weapon_elite_prefab
weapon_elite,_class,weapon_elite
weapon_elite,_not_pickable,1
weapon_elite,m_GearSlot,GEAR_SLOT_PISTOL
weapon_elite,m_GearSlotPosition,0
weapon_elite,m_WeaponType,WEAPONTYPE_PISTOL
weapon_elite,m_bAllowFlipping,true
weapon_elite,m_bAutoSwitchFrom,true
weapon_elite,m_bAutoSwitchTo,true
weapon_elite,m_bBuiltRightHanded,true
weapon_elite,m_bCannotShootUnderwater,false
weapon_elite,m_bHasBurstMode,false
weapon_elite,m_bHideViewModelWhenZoomed,false
weapon_elite,m_bIsFullAuto,false
weapon_elite,m_bIsRevolver,false
weapon_elite,m_bMeleeWeapon,false
weapon_elite,m_bReserveAmmoAsClips,true
weapon_elite,m_bUnzoomsAfterShot,false
weapon_elite,m_eSilencerType,WEAPONSILENCER_NONE
weapon_elite,m_flArmorRatio,1.15
weapon_elite,m_flAttackMovespeedFactor,1.0
weapon_elite,m_flCycleTime,0.12
weapon_elite,m_flCycleTimeWhenInBurstMode,0.0
weapon_elite,m_flDeployDuration,1.0
weapon_elite,m_flDisallowAttackAfterReloadStartDuration,3.766667
weapon_elite,m_flFlinchVelocityModifierLarge,0.5
weapon_elite,m_flFlinchVelocityModifierSmall,0.65
weapon_elite,m_flHeadshotMultiplier,4.0
weapon_elite,m_flInaccuracyAltSoundThreshold,0.0
weapon_elite,m_flInaccuracyCrouch,0.00525|0.0075
weapon_elite,m_flInaccuracyFire,0.01116|0.01196
weapon_elite,m_flInaccuracyJump,0.15842|0.15842
weapon_elite,m_flInaccuracyJumpApex,0.0
weapon_elite,m_flInaccuracyJumpInitial,0.09586
weapon_elite,m_flInaccuracyLadder,0.102|0.102
weapon_elite,m_flInaccuracyLand,0.000255|0.000255
weapon_elite,m_flInaccuracyMove,0.01785|0.01785
weapon_elite,m_flInaccuracyPitchShift,0.0
weapon_elite,m_flInaccuracyReload,0.0
weapon_elite,m_flInaccuracyStand,0.007|0.01
weapon_elite,m_flMaxSpeed,240.0|240.0
weapon_elite,m_flPenetration,1.0
weapon_elite,m_flRange,4096.0
weapon_elite,m_flRangeModifier,0.79
weapon_elite,m_flRecoilAngle,0.0|0.0
weapon_elite,m_flRecoilAngleVariance,20.0|20.0
weapon_elite,m_flRecoilMagnitude,27.0|27.0
weapon_elite,m_flRecoilMagnitudeVariance,4.0|4.0
weapon_elite,m_flRecoveryTimeCrouch,0.437491
weapon_elite,m_flRecoveryTimeCrouchFinal,0.437491
weapon_elite,m_flRecoveryTimeStand,0.524989
weapon_elite,m_flRecoveryTimeStandFinal,0.524989
weapon_elite,m_flSpread,0.002|0.002
weapon_elite,m_flTimeBetweenBurstShots,0.0
weapon_elite,m_flZoomTime0,0.0
weapon_elite,m_flZoomTime1,0.0
weapon_elite,m_flZoomTime2,0.0
weapon_elite,m_iDefaultClip1,-1
weapon_elite,m_iDefaultClip2,-1
weapon_elite,m_iMaxClip1,30
weapon_elite,m_iMaxClip2,0
weapon_elite,m_iRumbleEffect,1
weapon_elite,m_iWeight,5
weapon_elite,m_nCrosshairDeltaDistance,3
weapon_elite,m_nCrosshairMinDistance,4
weapon_elite,m_nDamage,38
weapon_elite,m_nKillAward,300
weapon_elite,m_nNumBullets,1
weapon_elite,m_nPrice,300
weapon_elite,m_nPrimaryAmmoType,BULLET_PLAYER_9MM
weapon_elite,m_nPrimaryReserveAmmoMax,2
weapon_elite,m_nRecoilSeed,24563
weapon_elite,m_nRecoveryTransitionEndBullet,10
weapon_elite,m_nRecoveryTransitionStartBullet,3
weapon_elite,m_nSecondaryReserveAmmoMax,0
weapon_elite,m_nSpreadSeed,0
weapon_elite,m_nTracerFrequency,1
weapon_elite,m_nZoomFOV1,90
weapon_elite,m_nZoomFOV2,90
weapon_elite,m_nZoomLevels,0
weapon_elite,m_szAnimSkeleton,animation/skeletons/weapons/elite.vnmskel
weapon_elite,m_szName,weapon_elite
weapon_elite,m_szTracerParticle,particles/weapons/cs_weapon_fx/weapon_tracers_pistol.vpcf
weapon_elite,m_szWorldModel,weapons/models/elite/weapon_pist_elite.vmdl
weapon_elite,m_vecMuzzlePos0,23.752|-3.066|-1.754
weapon_elite,m_vecMuzzlePos1,23.496|3.105|-1.799
weapon_p250,_base,weapon_p250_prefab
weapon_p250,_class,weapon_p250
weapon_p250,_not_pickable,1
weapon_p250,m_GearSlot,GEAR_SLOT_PISTOL
weapon_p250,m_GearSlotPosition,0
weapon_p250,m_WeaponType,WEAPONTYPE_PISTOL
weapon_p250,m_bAllowFlipping,true
weapon_p250,m_bAutoSwitchFrom,true
weapon_p250,m_bAutoSwitchTo,true
weapon_p250,m_bBuiltRightHanded,true
weapon_p250,m_bCannotShootUnderwater,false
weapon_p250,m_bHasBurstMode,false
weapon_p250,m_bHideViewModelWhenZoomed,false
weapon_p250,m_bIsFullAuto,false
weapon_p250,m_bIsRevolver,false
weapon_p250,m_bMeleeWeapon,false
weapon_p250,m_bReserveAmmoAsClips,true
weapon_p250,m_bUnzoomsAfterShot,false
weapon_p250,m_eSilencerType,WEAPONSILENCER_NONE
weapon_p250,m_flArmorRatio,1.28
weapon_p250,m_flAttackMovespeedFactor,1.0
weapon_p250,m_flCycleTime,0.15|0.3
weapon_p250,m_flCycleTimeWhenInBurstMode,0.0
weapon_p250,m_flDeployDuration,1.0
weapon_p250,m_flDisallowAttackAfterReloadStartDuration,2.266667
weapon_p250,m_flFlinchVelocityModifierLarge,0.5
weapon_p250,m_flFlinchVelocityModifierSmall,0.65
weapon_p250,m_flHeadshotMultiplier,4.0
weapon_p250,m_flInaccuracyAltSoundThreshold,0.0
weapon_p250,m_flInaccuracyCrouch,0.00683|0.00683
weapon_p250,m_flInaccuracyFire,0.05245|0.05245
weapon_p250,m_flInaccuracyJump,0.09296|0.09296
weapon_p250,m_flInaccuracyJumpApex,0.0
weapon_p250,m_flInaccuracyJumpInitial,0.09662
weapon_p250,m_flInaccuracyLadder,0.138|0.138
weapon_p250,m_flInaccuracyLand,0.00019|0.00019
weapon_p250,m_flInaccuracyMove,0.02|0.01341
weapon_p250,m_flInaccuracyPitchShift,0.0
weapon_p250,m_flInaccuracyReload,0.0
weapon_p250,m_flInaccuracyStand,0.0091|0.0091
weapon_p250,m_flMaxSpeed,240.0|240.0
weapon_p250,m_flPenetration,1.0
weapon_p250,m_flRange,4096.0
weapon_p250,m_flRangeModifier,0.9
weapon_p250,m_flRecoilAngle,0.0|0.0
weapon_p250,m_flRecoilAngleVariance,10.0|10.0
weapon_p250,m_flRecoilMagnitude,26.0|26.0
weapon_p250,m_flRecoilMagnitudeVariance,3.0|3.0
weapon_p250,m_flRecoveryTimeCrouch,0.287823
weapon_p250,m_flRecoveryTimeCrouchFinal,0.287823
weapon_p250,m_flRecoveryTimeStand,0.345388
weapon_p250,m_flRecoveryTimeStandFinal,0.345388
weapon_p250,m_flSpread,0.002|0.002
weapon_p250,m_flTimeBetweenBurstShots,0.0
weapon_p250,m_flZoomTime0,0.0
weapon_p250,m_flZoomTime1,0.0
weapon_p250,m_flZoomTime2,0.0
weapon_p250,m_iDefaultClip1,-1
weapon_p250,m_iDefaultClip2,-1
weapon_p250,m_iMaxClip1,13
weapon_p250,m_iMaxClip2,0
weapon_p250,m_iRumbleEffect,1
weapon_p250,m_iWeight,5
weapon_p250,m_nCrosshairDeltaDistance,3
weapon_p250,m_nCrosshairMinDistance,8
weapon_p250,m_nDamage,38
weapon_p250,m_nKillAward,300
weapon_p250,m_nNumBullets,1
weapon_p250,m_nPrice,300
weapon_p250,m_nPrimaryAmmoType,BULLET_PLAYER_357SIG_P250
weapon_p250,m_nPrimaryReserveAmmoMax,3
weapon_p250,m_nRecoilSeed,9788
weapon_p250,m_nRecoveryTransitionEndBullet,10
weapon_p250,m_nRecoveryTransitionStartBullet,3
weapon_p250,m_nSecondaryReserveAmmoMax,0
weapon_p250,m_nSpreadSeed,0
weapon_p250,m_nTracerFrequency,1
weapon_p250,m_nZoomFOV1,90
weapon_p250,m_nZoomFOV2,90
weapon_p250,m_nZoomLevels,0
weapon_p250,m_szAnimSkeleton,animation/skeletons/weapons/p250.vnmskel
weapon_p250,m_szName,weapon_p250
weapon_p250,m_szTracerParticle,particles/weapons/cs_weapon_fx/weapon_tracers_pistol.vpcf
weapon_p250,m_szWorldModel,weapons/models/p250/weapon_pist_p250.vmdl
weapon_p250,m_vecMuzzlePos0,21.729|-2.82|-1.623
weapon_tec9,_base,weapon_tec9_prefab
weapon_tec9,_class,weapon_tec9
weapon_tec9,_not_pickable,1
weapon_tec9,m_GearSlot,GEAR_SLOT_PISTOL
weapon_tec9,m_GearSlotPosition,0
weapon_tec9,m_WeaponType,WEAPONTYPE_PISTOL
weapon_tec9,m_bAllowFlipping,true
weapon_tec9,m_bAutoSwitchFrom,true
weapon_tec9,m_bAutoSwitchTo,true
weapon_tec9,m_bBuiltRightHanded,true
weapon_tec9,m_bCannotShootUnderwater,false
weapon_tec9,m_bHasBurstMode,false
weapon_tec9,m_bHideViewModelWhenZoomed,false
weapon_tec9,m_bIsFullAuto,false
weapon_tec9,m_bIsRevolver,false
weapon_tec9,m_bMeleeWeapon,false
weapon_tec9,m_bReserveAmmoAsClips,true
weapon_tec9,m_bUnzoomsAfterShot,false
weapon_tec9,m_eSilencerType,WEAPONSILENCER_NONE
weapon_tec9,m_flArmorRatio,1.812
weapon_tec9,m_flAttackMovespeedFactor,1.0
weapon_tec9,m_flCycleTime,0.12
weapon_tec9,m_flCycleTimeWhenInBurstMode,0.0
weapon_tec9,m_flDeployDuration,1.0
weapon_tec9,m_flDisallowAttackAfterReloadStartDuration,2.566667
weapon_tec9,m_flFlinchVelocityModifierLarge,0.5
weapon_tec9,m_flFlinchVelocityModifierSmall,0.65
weapon_tec9,m_flHeadshotMultiplier,4.0
weapon_tec9,m_flInaccuracyAltSoundThreshold,0.0
weapon_tec9,m_flInaccuracyCrouch,0.00368|0.00727
weapon_tec9,m_flInaccuracyFire,0.045|0.03688
weapon_tec9,m_flInaccuracyJump,0.07978|0.07978
weapon_tec9,m_flInaccuracyJumpApex,0.0
weapon_tec9,m_flInaccuracyJumpInitial,0.07117
weapon_tec9,m_flInaccuracyLadder,0.1206|0.1206
weapon_tec9,m_flInaccuracyLand,0.000211|0.000211
weapon_tec9,m_flInaccuracyMove,0.00381|0.00381
weapon_tec9,m_flInaccuracyPitchShift,0.0
weapon_tec9,m_flInaccuracyReload,0.0
weapon_tec9,m_flInaccuracyStand,0.0049|0.00903
weapon_tec9,m_flMaxSpeed,240.0|240.0
weapon_tec9,m_flPenetration,1.0
weapon_tec9,m_flRange,4096.0
weapon_tec9,m_flRangeModifier,0.79
weapon_tec9,m_flRecoilAngle,0.0|0.0
weapon_tec9,m_flRecoilAngleVariance,60.0|60.0
weapon_tec9,m_flRecoilMagnitude,23.0|23.0
weapon_tec9,m_flRecoilMagnitudeVariance,3.0|3.0
weapon_tec9,m_flRecoveryTimeCrouch,0.315
weapon_tec9,m_flRecoveryTimeCrouchFinal,0.315
weapon_tec9,m_flRecoveryTimeStand,0.391
weapon_tec9,m_flRecoveryTimeStandFinal,0.391
weapon_tec9,m_flSpread,0.002|0.0018
weapon_tec9,m_flTimeBetweenBurstShots,0.0
weapon_tec9,m_flZoomTime0,0.0
weapon_tec9,m_flZoomTime1,0.0
weapon_tec9,m_flZoomTime2,0.0
weapon_tec9,m_iDefaultClip1,-1
weapon_tec9,m_iDefaultClip2,-1
weapon_tec9,m_iMaxClip1,18
weapon_tec9,m_iMaxClip2,0
weapon_tec9,m_iRumbleEffect,1
weapon_tec9,m_iWeight,6
weapon_tec9,m_nCrosshairDeltaDistance,3
weapon_tec9,m_nCrosshairMinDistance,8
weapon_tec9,m_nDamage,33
weapon_tec9,m_nKillAward,300
weapon_tec9,m_nNumBullets,1
weapon_tec9,m_nPrice,500
weapon_tec9,m_nPrimaryAmmoType,BULLET_PLAYER_9MM
weapon_tec9,m_nPrimaryReserveAmmoMax,3
weapon_tec9,m_nRecoilSeed,789
weapon_tec9,m_nRecoveryTransitionEndBullet,10
weapon_tec9,m_nRecoveryTransitionStartBullet,3
weapon_tec9,m_nSecondaryReserveAmmoMax,0
weapon_tec9,m_nSpreadSeed,0
weapon_tec9,m_nTracerFrequency,1
weapon_tec9,m_nZoomFOV1,90
weapon_tec9,m_nZoomFOV2,90
weapon_tec9,m_nZoomLevels,0
weapon_tec9,m_szAnimSkeleton,animation/skeletons/weapons/tec9.vnmskel
weapon_tec9,m_szName,weapon_tec9
weapon_tec9,m_szTracerParticle,particles/weapons/cs_weapon_fx/weapon_tracers_pistol.vpcf
weapon_tec9,m_szWorldModel,weapons/models/tec9/weapon_pist_tec9.vmdl
weapon_tec9,m_vecMuzzlePos0,27.931|-5.126|-3.697
weapon_fiveseven,_base,weapon_fiveseven_prefab
weapon_fiveseven,_class,weapon_fiveseven
weapon_fiveseven,_not_pickable,1
weapon_fiveseven,m_GearSlot,GEAR_SLOT_PISTOL
weapon_fiveseven,m_GearSlotPosition,0
weapon_fiveseven,m_WeaponType,WEAPONTYPE_PISTOL
weapon_fiveseven,m_bAllowFlipping,true
weapon_fiveseven,m_bAutoSwitchFrom,true
weapon_fiveseven,m_bAutoSwitchTo,true
weapon_fiveseven,m_bBuiltRightHanded,true
weapon_fiveseven,m_bCannotShootUnderwater,false
weapon_fiveseven,m_bHasBurstMode,false
weapon_fiveseven,m_bHideViewModelWhenZoomed,false
weapon_fiveseven,m_bIsFullAuto,false
weapon_fiveseven,m_bIsRevolver,false
weapon_fiveseven,m_bMeleeWeapon,false
weapon_fiveseven,m_bReserveAmmoAsClips,true
weapon_fiveseven,m_bUnzoomsAfterShot,false
weapon_fiveseven,m_eSilencerType,WEAPONSILENCER_NONE
weapon_fiveseven,m_flArmorRatio,1.823
weapon_fiveseven,m_flAttackMovespeedFactor,1.0
weapon_fiveseven,m_flCycleTime,0.15|0.3
weapon_fiveseven,m_flCycleTimeWhenInBurstMode,0.0
weapon_fiveseven,m_flDeployDuration,1.0
weapon_fiveseven,m_flDisallowAttackAfterReloadStartDuration,2.266667
weapon_fiveseven,m_flFlinchVelocityModifierLarge,0.5
weapon_fiveseven,m_flFlinchVelocityModifierSmall,0.65
weapon_fiveseven,m_flHeadshotMultiplier,4.0
weapon_fiveseven,m_flInaccuracyAltSoundThreshold,0.0
weapon_fiveseven,m_flInaccuracyCrouch,0.00683|0.00683
weapon_fiveseven,m_flInaccuracyFire,0.025|0.03245
weapon_fiveseven,m_flInaccuracyJump,0.0897|0.0897
weapon_fiveseven,m_flInaccuracyJumpApex,0.0
weapon_fiveseven,m_flInaccuracyJumpInitial,0.09988
weapon_fiveseven,m_flInaccuracyLadder,0.138|0.138
weapon_fiveseven,m_flInaccuracyLand,0.00019|0.00019
weapon_fiveseven,m_flInaccuracyMove,0.04|0.01341
weapon_fiveseven,m_flInaccuracyPitchShift,0.0
weapon_fiveseven,m_flInaccuracyReload,0.0
weapon_fiveseven,m_flInaccuracyStand,0.0091|0.0091
weapon_fiveseven,m_flMaxSpeed,240.0|240.0
weapon_fiveseven,m_flPenetration,1.0
weapon_fiveseven,m_flRange,4096.0
weapon_fiveseven,m_flRangeModifier,0.81
weapon_fiveseven,m_flRecoilAngle,0.0|0.0
weapon_fiveseven,m_flRecoilAngleVariance,5.0|5.0
weapon_fiveseven,m_flRecoilMagnitude,25.0|25.0
weapon_fiveseven,m_flRecoilMagnitudeVariance,4.0|4.0
weapon_fiveseven,m_flRecoveryTimeCrouch,0.2
weapon_fiveseven,m_flRecoveryTimeCrouchFinal,0.5
weapon_fiveseven,m_flRecoveryTimeStand,0.2
weapon_fiveseven,m_flRecoveryTimeStandFinal,0.5
weapon_fiveseven,m_flSpread,0.002|0.002
weapon_fiveseven,m_flTimeBetweenBurstShots,0.0
weapon_fiveseven,m_flZoomTime0,0.0
weapon_fiveseven,m_flZoomTime1,0.0
weapon_fiveseven,m_flZoomTime2,0.0
weapon_fiveseven,m_iDefaultClip1,-1
weapon_fiveseven,m_iDefaultClip2,-1
weapon_fiveseven,m_iMaxClip1,20
weapon_fiveseven,m_iMaxClip2,0
weapon_fiveseven,m_iRumbleEffect,1
weapon_fiveseven,m_iWeight,5
weapon_fiveseven,m_nCrosshairDeltaDistance,3
weapon_fiveseven,m_nCrosshairMinDistance,8
weapon_fiveseven,m_nDamage,32
weapon_fiveseven,m_nKillAward,300
weapon_fiveseven,m_nNumBullets,1
weapon_fiveseven,m_nPrice,500
weapon_fiveseven,m_nPrimaryAmmoType,BULLET_PLAYER_57MM
weapon_fiveseven,m_nPrimaryReserveAmmoMax,2
weapon_fiveseven,m_nRecoilSeed,33244
weapon_fiveseven,m_nRecoveryTransitionEndBullet,5
weapon_fiveseven,m_nRecoveryTransitionStartBullet,0
weapon_fiveseven,m_nSecondaryReserveAmmoMax,0
weapon_fiveseven,m_nSpreadSeed,0
weapon_fiveseven,m_nTracerFrequency,1
weapon_fiveseven,m_nZoomFOV1,90
weapon_fiveseven,m_nZoomFOV2,90
weapon_fiveseven,m_nZoomLevels,0
weapon_fiveseven,m_szAnimSkeleton,animation/skeletons/weapons/fiveseven.vnmskel
weapon_fiveseven,m_szName,weapon_fiveseven
weapon_fiveseven,m_szTracerParticle,particles/weapons/cs_weapon_fx/weapon_tracers_pistol.vpcf
weapon_fiveseven,m_szWorldModel,weapons/models/fiveseven/weapon_pist_fiveseven.vmdl
weapon_fiveseven,m_vecMuzzlePos0,22.214|-2.825|-1.692
weapon_cz75a,_base,weapon_cz75a_prefab
weapon_cz75a,_class,weapon_p250
weapon_cz75a,_not_pickable,1
weapon_cz75a,m_GearSlot,GEAR_SLOT_PISTOL
weapon_cz75a,m_GearSlotPosition,0
weapon_cz75a,m_WeaponType,WEAPONTYPE_PISTOL
weapon_cz75a,m_bAllowFlipping,true
weapon_cz75a,m_bAutoSwitchFrom,true
weapon_cz75a,m_bAutoSwitchTo,true
weapon_cz75a,m_bBuiltRightHanded,true
weapon_cz75a,m_bCannotShootUnderwater,false
weapon_cz75a,m_bHasBurstMode,false
weapon_cz75a,m_bHideViewModelWhenZoomed,false
weapon_cz75a,m_bIsFullAuto,true
weapon_cz75a,m_bIsRevolver,false
weapon_cz75a,m_bMeleeWeapon,false
weapon_cz75a,m_bReserveAmmoAsClips,true
weapon_cz75a,m_bUnzoomsAfterShot,false
weapon_cz75a,m_eSilencerType,WEAPONSILENCER_NONE
weapon_cz75a,m_flArmorRatio,1.553
weapon_cz75a,m_flAttackMovespeedFactor,1.0
weapon_cz75a,m_flCycleTime,0.1
weapon_cz75a,m_flCycleTimeWhenInBurstMode,0.0
weapon_cz75a,m_flDeployDuration,1.83333
weapon_cz75a,m_flDisallowAttackAfterReloadStartDuration,2.733333
weapon_cz75a,m_flFlinchVelocityModifierLarge,0.5
weapon_cz75a,m_flFlinchVelocityModifierSmall,0.65
weapon_cz75a,m_flHeadshotMultiplier,4.0
weapon_cz75a,m_flInaccuracyAltSoundThreshold,0.0
weapon_cz75a,m_flInaccuracyCrouch,0.0076|0.0076
weapon_cz75a,m_flInaccuracyFire,0.035|0.025
weapon_cz75a,m_flInaccuracyJump,0.09296|0.09296
weapon_cz75a,m_flInaccuracyJumpApex,0.0
weapon_cz75a,m_flInaccuracyJumpInitial,0.09662
weapon_cz75a,m_flInaccuracyLadder,0.138|0.138
weapon_cz75a,m_flInaccuracyLand,0.00019|0.00019
weapon_cz75a,m_flInaccuracyMove,0.01341|0.01341
weapon_cz75a,m_flInaccuracyPitchShift,0.0
weapon_cz75a,m_flInaccuracyReload,0.0
weapon_cz75a,m_flInaccuracyStand,0.01043|0.01043
weapon_cz75a,m_flMaxSpeed,240.0|240.0
weapon_cz75a,m_flPenetration,1.0
weapon_cz75a,m_flRange,4096.0
weapon_cz75a,m_flRangeModifier,0.85
weapon_cz75a,m_flRecoilAngle,0.0|0.0
weapon_cz75a,m_flRecoilAngleVariance,120.0|180.0
weapon_cz75a,m_flRecoilMagnitude,31.0|27.0
weapon_cz75a,m_flRecoilMagnitudeVariance,6.0|12.0
weapon_cz75a,m_flRecoveryTimeCrouch,0.2275
weapon_cz75a,m_flRecoveryTimeCrouchFinal,0.287823
weapon_cz75a,m_flRecoveryTimeStand,0.2425
weapon_cz75a,m_flRecoveryTimeStandFinal,0.345388
weapon_cz75a,m_flSpread,0.003|0.003
weapon_cz75a,m_flTimeBetweenBurstShots,0.0
weapon_cz75a,m_flZoomTime0,0.0
weapon_cz75a,m_flZoomTime1,0.0
weapon_cz75a,m_flZoomTime2,0.0
weapon_cz75a,m_iDefaultClip1,-1
weapon_cz75a,m_iDefaultClip2,-1
weapon_cz75a,m_iMaxClip1,12
weapon_cz75a,m_iMaxClip2,0
weapon_cz75a,m_iRumbleEffect,1
weapon_cz75a,m_iWeight,5
weapon_cz75a,m_nCrosshairDeltaDistance,3
weapon_cz75a,m_nCrosshairMinDistance,8
weapon_cz75a,m_nDamage,31
weapon_cz75a,m_nKillAward,300
weapon_cz75a,m_nNumBullets,1
weapon_cz75a,m_nPrice,500
weapon_cz75a,m_nPrimaryAmmoType,BULLET_PLAYER_357SIG_MIN
weapon_cz75a,m_nPrimaryReserveAmmoMax,2
weapon_cz75a,m_nRecoilSeed,9788
weapon_cz75a,m_nRecoveryTransitionEndBullet,10
weapon_cz75a,m_nRecoveryTransitionStartBullet,3
weapon_cz75a,m_nSecondaryReserveAmmoMax,0
weapon_cz75a,m_nSpreadSeed,0
weapon_cz75a,m_nTracerFrequency,1
weapon_cz75a,m_nZoomFOV1,90
weapon_cz75a,m_nZoomFOV2,90
weapon_cz75a,m_nZoomLevels,0
weapon_cz75a,m_szAnimClass,weapon_cz75a
weapon_cz75a,m_szAnimSkeleton,animation/skeletons/weapons/cz75a.vnmskel
weapon_cz75a,m_szName,weapon_cz75a
weapon_cz75a,m_szTracerParticle,particles/weapons/cs_weapon_fx/weapon_tracers_pistol.vpcf
weapon_cz75a,m_szWorldModel,weapons/models/cz75a/weapon_pist_cz75a.vmdl
weapon_cz75a,m_vecMuzzlePos0,23.526|-2.805|-1.753
weapon_deagle,_base,weapon_deagle_prefab
weapon_deagle,_class,weapon_deagle
weapon_deagle,_not_pickable,1
weapon_deagle,m_GearSlot,GEAR_SLOT_PISTOL
weapon_deagle,m_GearSlotPosition,0
weapon_deagle,m_WeaponType,WEAPONTYPE_PISTOL
weapon_deagle,m_bAllowFlipping,true
weapon_deagle,m_bAutoSwitchFrom,true
weapon_deagle,m_bAutoSwitchTo,true
weapon_deagle,m_bBuiltRightHanded,true
weapon_deagle,m_bCannotShootUnderwater,false
weapon_deagle,m_bHasBurstMode,false
weapon_deagle,m_bHideViewModelWhenZoomed,false
weapon_deagle,m_bIsFullAuto,false
weapon_deagle,m_bIsRevolver,false
weapon_deagle,m_bMeleeWeapon,false
weapon_deagle,m_bReserveAmmoAsClips,true
weapon_deagle,m_bUnzoomsAfterShot,false
weapon_deagle,m_eSilencerType,WEAPONSILENCER_NONE
weapon_deagle,m_flArmorRatio,1.864
weapon_deagle,m_flAttackMovespeedFactor,1.0
weapon_deagle,m_flCycleTime,0.225
weapon_deagle,m_flCycleTimeWhenInBurstMode,0.0
weapon_deagle,m_flDeployDuration,1.0
weapon_deagle,m_flDisallowAttackAfterReloadStartDuration,2.2
weapon_deagle,m_flFlinchVelocityModifierLarge,0.4
weapon_deagle,m_flFlinchVelocityModifierSmall,0.55
weapon_deagle,m_flHeadshotMultiplier,3.9
weapon_deagle,m_flInaccuracyAltSoundThreshold,0.0
weapon_deagle,m_flInaccuracyCrouch,0.00218|0.00218
weapon_deagle,m_flInaccuracyFire,0.07223|0.07223
weapon_deagle,m_flInaccuracyJump,0.04055|0.37155
weapon_deagle,m_flInaccuracyJumpApex,0.33155
weapon_deagle,m_flInaccuracyJumpInitial,0.54882
weapon_deagle,m_flInaccuracyLadder,0.152|0.152
weapon_deagle,m_flInaccuracyLand,0.000043|0.00073
weapon_deagle,m_flInaccuracyMove,0.0481|0.0481
weapon_deagle,m_flInaccuracyPitchShift,0.0
weapon_deagle,m_flInaccuracyReload,0.0
weapon_deagle,m_flInaccuracyStand,0.0042|0.0042
weapon_deagle,m_flMaxSpeed,230.0|230.0
weapon_deagle,m_flPenetration,2.0
weapon_deagle,m_flRange,4096.0
weapon_deagle,m_flRangeModifier,0.85
weapon_deagle,m_flRecoilAngle,0.0
weapon_deagle,m_flRecoilAngleVariance,60.0|60.0
weapon_deagle,m_flRecoilMagnitude,48.200001|48.200001
weapon_deagle,m_flRecoilMagnitudeVariance,18.0|18.0
weapon_deagle,m_flRecoveryTimeCrouch,0.449927
weapon_deagle,m_flRecoveryTimeCrouchFinal,0.449927
weapon_deagle,m_flRecoveryTimeStand,0.8112
weapon_deagle,m_flRecoveryTimeStandFinal,0.8112
weapon_deagle,m_flSpread,0.002|0.002
weapon_deagle,m_flTimeBetweenBurstShots,0.0
weapon_deagle,m_flZoomTime0,0.0
weapon_deagle,m_flZoomTime1,0.0
weapon_deagle,m_flZoomTime2,0.0
weapon_deagle,m_iDefaultClip1,-1
weapon_deagle,m_iDefaultClip2,-1
weapon_deagle,m_iMaxClip1,7
weapon_deagle,m_iMaxClip2,0
weapon_deagle,m_iRumbleEffect,2
weapon_deagle,m_iWeight,7
weapon_deagle,m_nCrosshairDeltaDistance,3
weapon_deagle,m_nCrosshairMinDistance,8
weapon_deagle,m_nDamage,53
weapon_deagle,m_nKillAward,300
weapon_deagle,m_nNumBullets,1
weapon_deagle,m_nPrice,700
weapon_deagle,m_nPrimaryAmmoType,BULLET_PLAYER_50AE
weapon_deagle,m_nPrimaryReserveAmmoMax,3
weapon_deagle,m_nRecoilSeed,1454
weapon_deagle,m_nRecoveryTransitionEndBullet,10
weapon_deagle,m_nRecoveryTransitionStartBullet,3
weapon_deagle,m_nSecondaryReserveAmmoMax,0
weapon_deagle,m_nSpreadSeed,0
weapon_deagle,m_nTracerFrequency,1
weapon_deagle,m_nZoomFOV1,90
weapon_deagle,m_nZoomFOV2,90
weapon_deagle,m_nZoomLevels,0
weapon_deagle,m_szAnimSkeleton,animation/skeletons/weapons/deagle.vnmskel
weapon_deagle,m_szName,weapon_deagle
weapon_deagle,m_szTracerParticle,particles/weapons/cs_weapon_fx/weapon_tracers_pistol.vpcf
weapon_deagle,m_szWorldModel,weapons/models/deagle/weapon_pist_deagle.vmdl
weapon_deagle,m_vecMuzzlePos0,24.317|-3.83|-1.22
weapon_revolver,_base,weapon_revolver_prefab
weapon_revolver,_class,weapon_deagle
weapon_revolver,_not_pickable,1
weapon_revolver,m_GearSlot,GEAR_SLOT_PISTOL
weapon_revolver,m_GearSlotPosition,0
weapon_revolver,m_WeaponType,WEAPONTYPE_PISTOL
weapon_revolver,m_bAllowFlipping,true
weapon_revolver,m_bAutoSwitchFrom,true
weapon_revolver,m_bAutoSwitchTo,true
weapon_revolver,m_bBuiltRightHanded,true
weapon_revolver,m_bCannotShootUnderwater,false
weapon_revolver,m_bHasBurstMode,false
weapon_revolver,m_bHideViewModelWhenZoomed,false
weapon_revolver,m_bIsFullAuto,true
weapon_revolver,m_bIsRevolver,true
weapon_revolver,m_bMeleeWeapon,false
weapon_revolver,m_bReserveAmmoAsClips,true
weapon_revolver,m_bUnzoomsAfterShot,false
weapon_revolver,m_eSilencerType,WEAPONSILENCER_NONE
weapon_revolver,m_flArmorRatio,1.864
weapon_revolver,m_flAttackMovespeedFactor,1.0
weapon_revolver,m_flCycleTime,0.5|0.4
weapon_revolver,m_flCycleTimeWhenInBurstMode,0.0
weapon_revolver,m_flDeployDuration,1.166667
weapon_revolver,m_flDisallowAttackAfterReloadStartDuration,2.266667
weapon_revolver,m_flFlinchVelocityModifierLarge,0.4
weapon_revolver,m_flFlinchVelocityModifierSmall,0.4
weapon_revolver,m_flHeadshotMultiplier,4.0
weapon_revolver,m_flInaccuracyAltSoundThreshold,0.0
weapon_revolver,m_flInaccuracyCrouch,0.001|0.005
weapon_revolver,m_flInaccuracyFire,0.05|0.055
weapon_revolver,m_flInaccuracyJump,0.05323|0.05323
weapon_revolver,m_flInaccuracyJumpApex,0.0
weapon_revolver,m_flInaccuracyJumpInitial,0.01865
weapon_revolver,m_flInaccuracyLadder,0.012|0.035
weapon_revolver,m_flInaccuracyLand,0.00013|0.00015
weapon_revolver,m_flInaccuracyMove,0.0065|0.036
weapon_revolver,m_flInaccuracyPitchShift,0.0
weapon_revolver,m_flInaccuracyReload,0.0
weapon_revolver,m_flInaccuracyStand,0.002|0.012
weapon_revolver,m_flMaxSpeed,180.0|220.0
weapon_revolver,m_flPenetration,2.0
weapon_revolver,m_flRange,4096.0
weapon_revolver,m_flRangeModifier,0.94
weapon_revolver,m_flRecoilAngle,0.0|3.0
weapon_revolver,m_flRecoilAngleVariance,40.0|50.0
weapon_revolver,m_flRecoilMagnitude,20.0|45.0
weapon_revolver,m_flRecoilMagnitudeVariance,0.0|6.0
weapon_revolver,m_flRecoveryTimeCrouch,0.7
weapon_revolver,m_flRecoveryTimeCrouchFinal,0.449927
weapon_revolver,m_flRecoveryTimeStand,0.9
weapon_revolver,m_flRecoveryTimeStandFinal,0.8112
weapon_revolver,m_flSpread,0.00052|0.068
weapon_revolver,m_flTimeBetweenBurstShots,0.0
weapon_revolver,m_flZoomTime0,0.0
weapon_revolver,m_flZoomTime1,0.0
weapon_revolver,m_flZoomTime2,0.0
weapon_revolver,m_iDefaultClip1,-1
weapon_revolver,m_iDefaultClip2,-1
weapon_revolver,m_iMaxClip1,8
weapon_revolver,m_iMaxClip2,0
weapon_revolver,m_iRumbleEffect,2
weapon_revolver,m_iWeight,7
weapon_revolver,m_nCrosshairDeltaDistance,3
weapon_revolver,m_nCrosshairMinDistance,4
weapon_revolver,m_nDamage,86
weapon_revolver,m_nKillAward,300
weapon_revolver,m_nNumBullets,1
weapon_revolver,m_nPrice,600
weapon_revolver,m_nPrimaryAmmoType,BULLET_PLAYER_50AE
weapon_revolver,m_nPrimaryReserveAmmoMax,2
weapon_revolver,m_nRecoilSeed,12345
weapon_revolver,m_nRecoveryTransitionEndBullet,10
weapon_revolver,m_nRecoveryTransitionStartBullet,3
weapon_revolver,m_nSecondaryReserveAmmoMax,0
weapon_revolver,m_nSpreadSeed,0
weapon_revolver,m_nTracerFrequency,1|1
weapon_revolver,m_nZoomFOV1,90
weapon_revolver,m_nZoomFOV2,90
weapon_revolver,m_nZoomLevels,0
weapon_revolver,m_szAnimClass,weapon_revolver
weapon_revolver,m_szAnimSkeleton,animation/skeletons/weapons/revolver.vnmskel
weapon_revolver,m_szName,weapon_revolver
weapon_revolver,m_szTracerParticle,particles/weapons/cs_weapon_fx/weapon_tracers_pistol.vpcf
weapon_revolver,m_szWorldModel,weapons/models/revolver/weapon_pist_revolver.vmdl
weapon_revolver,m_vecMuzzlePos0,24.558|-3.634|-1.894
weapon_nova,_base,weapon_nova_prefab
weapon_nova,_class,weapon_nova
weapon_nova,_not_pickable,1
weapon_nova,m_GearSlot,GEAR_SLOT_RIFLE
weapon_nova,m_GearSlotPosition,0
weapon_nova,m_WeaponType,WEAPONTYPE_SHOTGUN
weapon_nova,m_bAllowFlipping,true
weapon_nova,m_bAutoSwitchFrom,true
weapon_nova,m_bAutoSwitchTo,true
weapon_nova,m_bBuiltRightHanded,true
weapon_nova,m_bCannotShootUnderwater,false
weapon_nova,m_bHasBurstMode,false
weapon_nova,m_bHideViewModelWhenZoomed,false
weapon_nova,m_bIsFullAuto,false
weapon_nova,m_bIsRevolver,false
weapon_nova,m_bMeleeWeapon,false
weapon_nova,m_bReloadsSingleShells,true
weapon_nova,m_bReserveAmmoAsClips,false
weapon_nova,m_bUnzoomsAfterShot,false
weapon_nova,m_eSilencerType,WEAPONSILENCER_NONE
weapon_nova,m_flArmorRatio,1.0
weapon_nova,m_flAttackMovespeedFactor,1.0
weapon_nova,m_flCycleTime,0.88
weapon_nova,m_flCycleTimeWhenInBurstMode,0.0
weapon_nova,m_flDeployDuration,1.0
weapon_nova,m_flDisallowAttackAfterReloadStartDuration,0.466667
weapon_nova,m_flFlinchVelocityModifierLarge,0.4
weapon_nova,m_flFlinchVelocityModifierSmall,0.45
weapon_nova,m_flHeadshotMultiplier,4.0
weapon_nova,m_flInaccuracyAltSoundThreshold,0.0
weapon_nova,m_flInaccuracyCrouch,0.00525|0.00525
weapon_nova,m_flInaccuracyFire,0.00972|0.00972
weapon_nova,m_flInaccuracyJump,0.12631|0.12631
weapon_nova,m_flInaccuracyJumpApex,0.0
weapon_nova,m_flInaccuracyJumpInitial,0.1097
weapon_nova,m_flInaccuracyLadder,0.07875|0.07875
weapon_nova,m_flInaccuracyLand,0.000236|0.000236
weapon_nova,m_flInaccuracyMove,0.03675|0.03675
weapon_nova,m_flInaccuracyPitchShift,0.0
weapon_nova,m_flInaccuracyReload,0.0
weapon_nova,m_flInaccuracyStand,0.007|0.007
weapon_nova,m_flMaxSpeed,220.0|220.0
weapon_nova,m_flPenetration,1.0
weapon_nova,m_flRange,3000.0
weapon_nova,m_flRangeModifier,0.7
weapon_nova,m_flRecoilAngle,0.0|0.0
weapon_nova,m_flRecoilAngleVariance,20.0|20.0
weapon_nova,m_flRecoilMagnitude,143.0|143.0
weapon_nova,m_flRecoilMagnitudeVariance,22.0|22.0
weapon_nova,m_flRecoveryTimeCrouch,0.328941
weapon_nova,m_flRecoveryTimeCrouchFinal,0.328941
weapon_nova,m_flRecoveryTimeStand,0.460517
weapon_nova,m_flRecoveryTimeStandFinal,0.460517
weapon_nova,m_flSpread,0.04|0.04
weapon_nova,m_flTimeBetweenBurstShots,0.0
weapon_nova,m_flZoomTime0,0.0
weapon_nova,m_flZoomTime1,0.0
weapon_nova,m_flZoomTime2,0.0
weapon_nova,m_iDefaultClip1,-1
weapon_nova,m_iDefaultClip2,-1
weapon_nova,m_iMaxClip1,8
weapon_nova,m_iMaxClip2,0
weapon_nova,m_iRumbleEffect,5
weapon_nova,m_iWeight,20
weapon_nova,m_nCrosshairDeltaDistance,6
weapon_nova,m_nCrosshairMinDistance,8
weapon_nova,m_nDamage,26
weapon_nova,m_nKillAward,900
weapon_nova,m_nNumBullets,9
weapon_nova,m_nPrice,1050
weapon_nova,m_nPrimaryAmmoType,BULLET_PLAYER_BUCKSHOT
weapon_nova,m_nPrimaryReserveAmmoMax,32
weapon_nova,m_nRecoilSeed,7763
weapon_nova,m_nRecoveryTransitionEndBullet,5
weapon_nova,m_nRecoveryTransitionStartBullet,2
weapon_nova,m_nSecondaryReserveAmmoMax,0
weapon_nova,m_nSpreadSeed,17514
weapon_nova,m_nTracerFrequency,1
weapon_nova,m_nZoomFOV1,90
weapon_nova,m_nZoomFOV2,90
weapon_nova,m_nZoomLevels,0
weapon_nova,m_szAnimSkeleton,animation/skeletons/weapons/nova.vnmskel
weapon_nova,m_szName,weapon_nova
weapon_nova,m_szTracerParticle,particles/weapons/cs_weapon_fx/weapon_tracers_shot.vpcf
weapon_nova,m_szWorldModel,weapons/models/nova/weapon_shot_nova.vmdl
weapon_nova,m_vecMuzzlePos0,42.23|-4.268|-3.652
weapon_xm1014,_base,weapon_xm1014_prefab
weapon_xm1014,_class,weapon_xm1014
weapon_xm1014,_not_pickable,1
weapon_xm1014,m_GearSlot,GEAR_SLOT_RIFLE
weapon_xm1014,m_GearSlotPosition,0
weapon_xm1014,m_WeaponType,WEAPONTYPE_SHOTGUN
weapon_xm1014,m_bAllowFlipping,true
weapon_xm1014,m_bAutoSwitchFrom,true
weapon_xm1014,m_bAutoSwitchTo,true
weapon_xm1014,m_bBuiltRightHanded,true
weapon_xm1014,m_bCannotShootUnderwater,false
weapon_xm1014,m_bHasBurstMode,false
weapon_xm1014,m_bHideViewModelWhenZoomed,false
weapon_xm1014,m_bIsFullAuto,true
weapon_xm1014,m_bIsRevolver,false
weapon_xm1014,m_bMeleeWeapon,false
weapon_xm1014,m_bReloadsSingleShells,true
weapon_xm1014,m_bReserveAmmoAsClips,false
weapon_xm1014,m_bUnzoomsAfterShot,false
weapon_xm1014,m_eSilencerType,WEAPONSILENCER_NONE
weapon_xm1014,m_flArmorRatio,1.6
weapon_xm1014,m_flAttackMovespeedFactor,1.0
weapon_xm1014,m_flCycleTime,0.35
weapon_xm1014,m_flCycleTimeWhenInBurstMode,0.0
weapon_xm1014,m_flDeployDuration,1.0
weapon_xm1014,m_flDisallowAttackAfterReloadStartDuration,0.6
weapon_xm1014,m_flFlinchVelocityModifierLarge,0.4
weapon_xm1014,m_flFlinchVelocityModifierSmall,0.45
weapon_xm1014,m_flHeadshotMultiplier,4.0
weapon_xm1014,m_flInaccuracyAltSoundThreshold,0.0
weapon_xm1014,m_flInaccuracyCrouch,0.00525|0.00525
weapon_xm1014,m_flInaccuracyFire,0.00883|0.00883
weapon_xm1014,m_flInaccuracyJump,0.13083|0.13083
weapon_xm1014,m_flInaccuracyJumpApex,0.0
weapon_xm1014,m_flInaccuracyJumpInitial,0.10038
weapon_xm1014,m_flInaccuracyLadder,0.07721|0.07721
weapon_xm1014,m_flInaccuracyLand,0.000232|0.000232
weapon_xm1014,m_flInaccuracyMove,0.03603|0.03603
weapon_xm1014,m_flInaccuracyPitchShift,0.0
weapon_xm1014,m_flInaccuracyReload,0.0
weapon_xm1014,m_flInaccuracyStand,0.007|0.007
weapon_xm1014,m_flMaxSpeed,215.0|215.0
weapon_xm1014,m_flPenetration,1.0
weapon_xm1014,m_flRange,3000.0
weapon_xm1014,m_flRangeModifier,0.7
weapon_xm1014,m_flRecoilAngle,0.0|0.0
weapon_xm1014,m_flRecoilAngleVariance,20.0|20.0
weapon_xm1014,m_flRecoilMagnitude,80.0|80.0
weapon_xm1014,m_flRecoilMagnitudeVariance,20.0|20.0
weapon_xm1014,m_flRecoveryTimeCrouch,0.361835
weapon_xm1014,m_flRecoveryTimeCrouchFinal,0.361835
weapon_xm1014,m_flRecoveryTimeStand,0.506569
weapon_xm1014,m_flRecoveryTimeStandFinal,0.506569
weapon_xm1014,m_flSpread,0.038|0.038
weapon_xm1014,m_flTimeBetweenBurstShots,0.0
weapon_xm1014,m_flZoomTime0,0.0
weapon_xm1014,m_flZoomTime1,0.0
weapon_xm1014,m_flZoomTime2,0.0
weapon_xm1014,m_iDefaultClip1,-1
weapon_xm1014,m_iDefaultClip2,-1
weapon_xm1014,m_iMaxClip1,7
weapon_xm1014,m_iMaxClip2,0
weapon_xm1014,m_iRumbleEffect,5
weapon_xm1014,m_iWeight,20
weapon_xm1014,m_nCrosshairDeltaDistance,4
weapon_xm1014,m_nCrosshairMinDistance,9
weapon_xm1014,m_nDamage,20
weapon_xm1014,m_nKillAward,600
weapon_xm1014,m_nNumBullets,6
weapon_xm1014,m_nPrice,2000
weapon_xm1014,m_nPrimaryAmmoType,BULLET_PLAYER_BUCKSHOT
weapon_xm1014,m_nPrimaryReserveAmmoMax,32
weapon_xm1014,m_nRecoilSeed,24862
weapon_xm1014,m_nRecoveryTransitionEndBullet,5
weapon_xm1014,m_nRecoveryTransitionStartBullet,2
weapon_xm1014,m_nSecondaryReserveAmmoMax,0
weapon_xm1014,m_nSpreadSeed,817955
weapon_xm1014,m_nTracerFrequency,1
weapon_xm1014,m_nZoomFOV1,90
weapon_xm1014,m_nZoomFOV2,90
weapon_xm1014,m_nZoomLevels,0
weapon_xm1014,m_szAnimClass,weapon_xm1014
weapon_xm1014,m_szAnimSkeleton,animation/skeletons/weapons/xm1014.vnmskel
weapon_xm1014,m_szName,weapon_xm1014
weapon_xm1014,m_szTracerParticle,particles/weapons/cs_weapon_fx/weapon_tracers_shot.vpcf
weapon_xm1014,m_szWorldModel,weapons/models/xm1014/weapon_shot_xm1014.vmdl
weapon_xm1014,m_vecMuzzlePos0,39.73|-4.274|-4.177
weapon_sawedoff,_base,weapon_sawedoff_prefab
weapon_sawedoff,_class,weapon_sawedoff
weapon_sawedoff,_not_pickable,1
weapon_sawedoff,m_GearSlot,GEAR_SLOT_RIFLE
weapon_sawedoff,m_GearSlotPosition,0
weapon_sawedoff,m_WeaponType,WEAPONTYPE_SHOTGUN
weapon_sawedoff,m_bAllowFlipping,true
weapon_sawedoff,m_bAutoSwitchFrom,true
weapon_sawedoff,m_bAutoSwitchTo,true
weapon_sawedoff,m_bBuiltRightHanded,true
weapon_sawedoff,m_bCannotShootUnderwater,false
weapon_sawedoff,m_bHasBurstMode,false
weapon_sawedoff,m_bHideViewModelWhenZoomed,false
weapon_sawedoff,m_bIsFullAuto,false
weapon_sawedoff,m_bIsRevolver,false
weapon_sawedoff,m_bMeleeWeapon,false
weapon_sawedoff,m_bReloadsSingleShells,true
weapon_sawedoff,m_bReserveAmmoAsClips,false
weapon_sawedoff,m_bUnzoomsAfterShot,false
weapon_sawedoff,m_eSilencerType,WEAPONSILENCER_NONE
weapon_sawedoff,m_flArmorRatio,1.5
weapon_sawedoff,m_flAttackMovespeedFactor,1.0
weapon_sawedoff,m_flCycleTime,0.85
weapon_sawedoff,m_flCycleTimeWhenInBurstMode,0.0
weapon_sawedoff,m_flDeployDuration,1.0
weapon_sawedoff,m_flDisallowAttackAfterReloadStartDuration,0.466667
weapon_sawedoff,m_flFlinchVelocityModifierLarge,0.4
weapon_sawedoff,m_flFlinchVelocityModifierSmall,0.45
weapon_sawedoff,m_flHeadshotMultiplier,4.0
weapon_sawedoff,m_flInaccuracyAltSoundThreshold,0.0
weapon_sawedoff,m_flInaccuracyCrouch,0.00525|0.00525
weapon_sawedoff,m_flInaccuracyFire,0.00972|0.00972
weapon_sawedoff,m_flInaccuracyJump,0.0577|0.0577
weapon_sawedoff,m_flInaccuracyJumpApex,0.0
weapon_sawedoff,m_flInaccuracyJumpInitial,0.05012
weapon_sawedoff,m_flInaccuracyLadder,0.036|0.036
weapon_sawedoff,m_flInaccuracyLand,0.000108|0.000108
weapon_sawedoff,m_flInaccuracyMove,0.0168|0.0168
weapon_sawedoff,m_flInaccuracyPitchShift,0.0
weapon_sawedoff,m_flInaccuracyReload,0.0
weapon_sawedoff,m_flInaccuracyStand,0.007|0.007
weapon_sawedoff,m_flMaxSpeed,210.0|210.0
weapon_sawedoff,m_flPenetration,1.0
weapon_sawedoff,m_flRange,1400.0
weapon_sawedoff,m_flRangeModifier,0.45
weapon_sawedoff,m_flRecoilAngle,0.0|0.0
weapon_sawedoff,m_flRecoilAngleVariance,20.0|20.0
weapon_sawedoff,m_flRecoilMagnitude,143.0|143.0
weapon_sawedoff,m_flRecoilMagnitudeVariance,22.0|22.0
weapon_sawedoff,m_flRecoveryTimeCrouch,0.328941
weapon_sawedoff,m_flRecoveryTimeCrouchFinal,0.328941
weapon_sawedoff,m_flRecoveryTimeStand,0.460517
weapon_sawedoff,m_flRecoveryTimeStandFinal,0.460517
weapon_sawedoff,m_flSpread,0.062|0.062
weapon_sawedoff,m_flTimeBetweenBurstShots,0.0
weapon_sawedoff,m_flZoomTime0,0.0
weapon_sawedoff,m_flZoomTime1,0.0
weapon_sawedoff,m_flZoomTime2,0.0
weapon_sawedoff,m_iDefaultClip1,-1
weapon_sawedoff,m_iDefaultClip2,-1
weapon_sawedoff,m_iMaxClip1,7
weapon_sawedoff,m_iMaxClip2,0
weapon_sawedoff,m_iRumbleEffect,5
weapon_sawedoff,m_iWeight,20
weapon_sawedoff,m_nCrosshairDeltaDistance,4
weapon_sawedoff,m_nCrosshairMinDistance,9
weapon_sawedoff,m_nDamage,32
weapon_sawedoff,m_nKillAward,900
weapon_sawedoff,m_nNumBullets,8
weapon_sawedoff,m_nPrice,1100
weapon_sawedoff,m_nPrimaryAmmoType,BULLET_PLAYER_BUCKSHOT
weapon_sawedoff,m_nPrimaryReserveAmmoMax,32
weapon_sawedoff,m_nRecoilSeed,1089
weapon_sawedoff,m_nRecoveryTransitionEndBullet,5
weapon_sawedoff,m_nRecoveryTransitionStartBullet,2
weapon_sawedoff,m_nSecondaryReserveAmmoMax,0
weapon_sawedoff,m_nSpreadSeed,9571223
weapon_sawedoff,m_nTracerFrequency,1
weapon_sawedoff,m_nZoomFOV1,90
weapon_sawedoff,m_nZoomFOV2,90
weapon_sawedoff,m_nZoomLevels,0
weapon_sawedoff,m_szAnimClass,weapon_sawedoff
weapon_sawedoff,m_szAnimSkeleton,animation/skeletons/weapons/sawedoff.vnmskel
weapon_sawedoff,m_szName,weapon_sawedoff
weapon_sawedoff,m_szTracerParticle,particles/weapons/cs_weapon_fx/weapon_tracers_shot.vpcf
weapon_sawedoff,m_szWorldModel,weapons/models/sawedoff/weapon_shot_sawedoff.vmdl
weapon_sawedoff,m_vecMuzzlePos0,35.318|-4.309|-2.752
weapon_mag7,_base,weapon_mag7_prefab
weapon_mag7,_class,weapon_mag7
weapon_mag7,_not_pickable,1
weapon_mag7,m_GearSlot,GEAR_SLOT_RIFLE
weapon_mag7,m_GearSlotPosition,0
weapon_mag7,m_WeaponType,WEAPONTYPE_SHOTGUN
weapon_mag7,m_bAllowFlipping,true
weapon_mag7,m_bAutoSwitchFrom,true
weapon_mag7,m_bAutoSwitchTo,true
weapon_mag7,m_bBuiltRightHanded,true
weapon_mag7,m_bCannotShootUnderwater,false
weapon_mag7,m_bHasBurstMode,false
weapon_mag7,m_bHideViewModelWhenZoomed,false
weapon_mag7,m_bIsFullAuto,false
weapon_mag7,m_bIsRevolver,false
weapon_mag7,m_bMeleeWeapon,false
weapon_mag7,m_bReserveAmmoAsClips,true
weapon_mag7,m_bUnzoomsAfterShot,false
weapon_mag7,m_eSilencerType,WEAPONSILENCER_NONE
weapon_mag7,m_flArmorRatio,1.5
weapon_mag7,m_flAttackMovespeedFactor,1.0
weapon_mag7,m_flCycleTime,0.85
weapon_mag7,m_flCycleTimeWhenInBurstMode,0.0
weapon_mag7,m_flDeployDuration,1.0
weapon_mag7,m_flDisallowAttackAfterReloadStartDuration,2.5
weapon_mag7,m_flFlinchVelocityModifierLarge,0.4
weapon_mag7,m_flFlinchVelocityModifierSmall,0.45
weapon_mag7,m_flHeadshotMultiplier,4.0
weapon_mag7,m_flInaccuracyAltSoundThreshold,0.0
weapon_mag7,m_flInaccuracyCrouch,0.00525|0.00525
weapon_mag7,m_flInaccuracyFire,0.01119|0.01119
weapon_mag7,m_flInaccuracyJump,0.05009|0.05009
weapon_mag7,m_flInaccuracyJumpApex,0.0
weapon_mag7,m_flInaccuracyJumpInitial,0.05264
weapon_mag7,m_flInaccuracyLadder,0.13426|0.13426
weapon_mag7,m_flInaccuracyLand,0.000103|0.000103
weapon_mag7,m_flInaccuracyMove,0.01599|0.01599
weapon_mag7,m_flInaccuracyPitchShift,0.0
weapon_mag7,m_flInaccuracyReload,0.0
weapon_mag7,m_flInaccuracyStand,0.007|0.007
weapon_mag7,m_flMaxSpeed,225.0|225.0
weapon_mag7,m_flPenetration,1.0
weapon_mag7,m_flRange,1400.0
weapon_mag7,m_flRangeModifier,0.45
weapon_mag7,m_flRecoilAngle,0.0|0.0
weapon_mag7,m_flRecoilAngleVariance,20.0|20.0
weapon_mag7,m_flRecoilMagnitude,165.0|165.0
weapon_mag7,m_flRecoilMagnitudeVariance,25.0|25.0
weapon_mag7,m_flRecoveryTimeCrouch,0.285521
weapon_mag7,m_flRecoveryTimeCrouchFinal,0.285521
weapon_mag7,m_flRecoveryTimeStand,0.399729
weapon_mag7,m_flRecoveryTimeStandFinal,0.399729
weapon_mag7,m_flSpread,0.04|0.04
weapon_mag7,m_flTimeBetweenBurstShots,0.0
weapon_mag7,m_flZoomTime0,0.0
weapon_mag7,m_flZoomTime1,0.0
weapon_mag7,m_flZoomTime2,0.0
weapon_mag7,m_iDefaultClip1,-1
weapon_mag7,m_iDefaultClip2,-1
weapon_mag7,m_iMaxClip1,5
weapon_mag7,m_iMaxClip2,0
weapon_mag7,m_iRumbleEffect,5
weapon_mag7,m_iWeight,20
weapon_mag7,m_nCrosshairDeltaDistance,4
weapon_mag7,m_nCrosshairMinDistance,9
weapon_mag7,m_nDamage,30
weapon_mag7,m_nKillAward,900
weapon_mag7,m_nNumBullets,8
weapon_mag7,m_nPrice,1300
weapon_mag7,m_nPrimaryAmmoType,BULLET_PLAYER_BUCKSHOT
weapon_mag7,m_nPrimaryReserveAmmoMax,3
weapon_mag7,m_nRecoilSeed,12518
weapon_mag7,m_nRecoveryTransitionEndBullet,5
weapon_mag7,m_nRecoveryTransitionStartBullet,2
weapon_mag7,m_nSecondaryReserveAmmoMax,0
weapon_mag7,m_nSpreadSeed,19899236
weapon_mag7,m_nTracerFrequency,1
weapon_mag7,m_nZoomFOV1,90
weapon_mag7,m_nZoomFOV2,90
weapon_mag7,m_nZoomLevels,0
weapon_mag7,m_szAnimSkeleton,animation/skeletons/weapons/mag7.vnmskel
weapon_mag7,m_szName,weapon_mag7
weapon_mag7,m_szTracerParticle,particles/weapons/cs_weapon_fx/weapon_tracers_shot.vpcf
weapon_mag7,m_szWorldModel,weapons/models/mag7/weapon_shot_mag7.vmdl
weapon_mag7,m_vecMuzzlePos0,39.795|-6.293|-5.04
weapon_mac10,_base,weapon_mac10_prefab
weapon_mac10,_class,weapon_mac10
weapon_mac10,_not_pickable,1
weapon_mac10,m_GearSlot,GEAR_SLOT_RIFLE
weapon_mac10,m_GearSlotPosition,0
weapon_mac10,m_WeaponType,WEAPONTYPE_SUBMACHINEGUN
weapon_mac10,m_bAllowFlipping,true
weapon_mac10,m_bAutoSwitchFrom,true
weapon_mac10,m_bAutoSwitchTo,true
weapon_mac10,m_bBuiltRightHanded,true
weapon_mac10,m_bCannotShootUnderwater,false
weapon_mac10,m_bHasBurstMode,false
weapon_mac10,m_bHideViewModelWhenZoomed,false
weapon_mac10,m_bIsFullAuto,true
weapon_mac10,m_bIsRevolver,false
weapon_mac10,m_bMeleeWeapon,false
weapon_mac10,m_bReserveAmmoAsClips,true
weapon_mac10,m_bUnzoomsAfterShot,false
weapon_mac10,m_eSilencerType,WEAPONSILENCER_NONE
weapon_mac10,m_flArmorRatio,1.15
weapon_mac10,m_flAttackMovespeedFactor,1.0
weapon_mac10,m_flCycleTime,0.075
weapon_mac10,m_flCycleTimeWhenInBurstMode,0.0
weapon_mac10,m_flDeployDuration,1.0
weapon_mac10,m_flDisallowAttackAfterReloadStartDuration,2.566667
weapon_mac10,m_flFlinchVelocityModifierLarge,0.0
weapon_mac10,m_flFlinchVelocityModifierSmall,0.0
weapon_mac10,m_flHeadshotMultiplier,4.0
weapon_mac10,m_flInaccuracyAltSoundThreshold,0.0
weapon_mac10,m_flInaccuracyCrouch,0.00998|0.00998
weapon_mac10,m_flInaccuracyFire,0.00476|0.00476
weapon_mac10,m_flInaccuracyJump,0.0333|0.0333
weapon_mac10,m_flInaccuracyJumpApex,0.0
weapon_mac10,m_flInaccuracyJumpInitial,0.03499
weapon_mac10,m_flInaccuracyLadder,0.03426|0.03426
weapon_mac10,m_flInaccuracyLand,0.000069|0.000069
weapon_mac10,m_flInaccuracyMove,0.01399|0.01399
weapon_mac10,m_flInaccuracyPitchShift,0.0
weapon_mac10,m_flInaccuracyReload,0.0
weapon_mac10,m_flInaccuracyStand,0.0133|0.0133
weapon_mac10,m_flMaxSpeed,240.0|240.0
weapon_mac10,m_flPenetration,1.0
weapon_mac10,m_flRange,3600.0
weapon_mac10,m_flRangeModifier,0.8
weapon_mac10,m_flRecoilAngle,0.0|0.0
weapon_mac10,m_flRecoilAngleVariance,70.0|70.0
weapon_mac10,m_flRecoilMagnitude,18.0|18.0
weapon_mac10,m_flRecoilMagnitudeVariance,1.0|1.0
weapon_mac10,m_flRecoveryTimeCrouch,0.285521
weapon_mac10,m_flRecoveryTimeCrouchFinal,0.285521
weapon_mac10,m_flRecoveryTimeStand,0.399729
weapon_mac10,m_flRecoveryTimeStandFinal,0.399729
weapon_mac10,m_flSpread,0.0006|0.0006
weapon_mac10,m_flTimeBetweenBurstShots,0.0
weapon_mac10,m_flZoomTime0,0.0
weapon_mac10,m_flZoomTime1,0.0
weapon_mac10,m_flZoomTime2,0.0
weapon_mac10,m_iDefaultClip1,-1
weapon_mac10,m_iDefaultClip2,-1
weapon_mac10,m_iMaxClip1,30
weapon_mac10,m_iMaxClip2,0
weapon_mac10,m_iRumbleEffect,3
weapon_mac10,m_iWeight,25
weapon_mac10,m_nCrosshairDeltaDistance,3
weapon_mac10,m_nCrosshairMinDistance,9
weapon_mac10,m_nDamage,29
weapon_mac10,m_nKillAward,600
weapon_mac10,m_nNumBullets,1
weapon_mac10,m_nPrice,1050
weapon_mac10,m_nPrimaryAmmoType,BULLET_PLAYER_45ACP
weapon_mac10,m_nPrimaryReserveAmmoMax,3
weapon_mac10,m_nRecoilSeed,34079
weapon_mac10,m_nRecoveryTransitionEndBullet,5
weapon_mac10,m_nRecoveryTransitionStartBullet,2
weapon_mac10,m_nSecondaryReserveAmmoMax,0
weapon_mac10,m_nSpreadSeed,0
weapon_mac10,m_nTracerFrequency,3
weapon_mac10,m_nZoomFOV1,90
weapon_mac10,m_nZoomFOV2,90
weapon_mac10,m_nZoomLevels,0
weapon_mac10,m_szAnimSkeleton,animation/skeletons/weapons/mac10.vnmskel
weapon_mac10,m_szName,weapon_mac10
weapon_mac10,m_szTracerParticle,particles/weapons/cs_weapon_fx/weapon_tracers_smg.vpcf
weapon_mac10,m_szWorldModel,weapons/models/mac10/weapon_smg_mac10.vmdl
weapon_mac10,m_vecMuzzlePos0,28.289|-6.171|-3.444
weapon_mp9,_base,weapon_mp9_prefab
weapon_mp9,_class,weapon_mp9
weapon_mp9,_not_pickable,1
weapon_mp9,m_GearSlot,GEAR_SLOT_RIFLE
weapon_mp9,m_GearSlotPosition,0
weapon_mp9,m_WeaponType,WEAPONTYPE_SUBMACHINEGUN
weapon_mp9,m_bAllowFlipping,true
weapon_mp9,m_bAutoSwitchFrom,true
weapon_mp9,m_bAutoSwitchTo,true
weapon_mp9,m_bBuiltRightHanded,true
weapon_mp9,m_bCannotShootUnderwater,false
weapon_mp9,m_bHasBurstMode,false
weapon_mp9,m_bHideViewModelWhenZoomed,false
weapon_mp9,m_bIsFullAuto,true
weapon_mp9,m_bIsRevolver,false
weapon_mp9,m_bMeleeWeapon,false
weapon_mp9,m_bReserveAmmoAsClips,true
weapon_mp9,m_bUnzoomsAfterShot,false
weapon_mp9,m_eSilencerType,WEAPONSILENCER_NONE
weapon_mp9,m_flArmorRatio,1.2
weapon_mp9,m_flAttackMovespeedFactor,1.0
weapon_mp9,m_flCycleTime,0.07
weapon_mp9,m_flCycleTimeWhenInBurstMode,0.0
weapon_mp9,m_flDeployDuration,1.2
weapon_mp9,m_flDisallowAttackAfterReloadStartDuration,2.133333
weapon_mp9,m_flFlinchVelocityModifierLarge,0.0
weapon_mp9,m_flFlinchVelocityModifierSmall,0.0
weapon_mp9,m_flHeadshotMultiplier,4.0
weapon_mp9,m_flInaccuracyAltSoundThreshold,0.0
weapon_mp9,m_flInaccuracyCrouch,0.008|0.008
weapon_mp9,m_flInaccuracyFire,0.0037|0.0037
weapon_mp9,m_flInaccuracyJump,0.05|0.05
weapon_mp9,m_flInaccuracyJumpApex,0.0
weapon_mp9,m_flInaccuracyJumpInitial,0.03728
weapon_mp9,m_flInaccuracyLadder,0.148913|0.148913
weapon_mp9,m_flInaccuracyLand,0.000056|0.000056
weapon_mp9,m_flInaccuracyMove,0.02904|0.02904
weapon_mp9,m_flInaccuracyPitchShift,0.0
weapon_mp9,m_flInaccuracyReload,0.0
weapon_mp9,m_flInaccuracyStand,0.009|0.009
weapon_mp9,m_flMaxSpeed,240.0|240.0
weapon_mp9,m_flPenetration,1.0
weapon_mp9,m_flRange,3600.0
weapon_mp9,m_flRangeModifier,0.87
weapon_mp9,m_flRecoilAngle,0.0|0.0
weapon_mp9,m_flRecoilAngleVariance,70.0|70.0
weapon_mp9,m_flRecoilMagnitude,21.0|21.0
weapon_mp9,m_flRecoilMagnitudeVariance,1.0|1.0
weapon_mp9,m_flRecoveryTimeCrouch,0.184207
weapon_mp9,m_flRecoveryTimeCrouchFinal,0.184207
weapon_mp9,m_flRecoveryTimeStand,0.25789
weapon_mp9,m_flRecoveryTimeStandFinal,0.25789
weapon_mp9,m_flSpread,0.0006|0.0006
weapon_mp9,m_flTimeBetweenBurstShots,0.0
weapon_mp9,m_flZoomTime0,0.0
weapon_mp9,m_flZoomTime1,0.0
weapon_mp9,m_flZoomTime2,0.0
weapon_mp9,m_iDefaultClip1,-1
weapon_mp9,m_iDefaultClip2,-1
weapon_mp9,m_iMaxClip1,30
weapon_mp9,m_iMaxClip2,0
weapon_mp9,m_iRumbleEffect,3
weapon_mp9,m_iWeight,25
weapon_mp9,m_nCrosshairDeltaDistance,3
weapon_mp9,m_nCrosshairMinDistance,7
weapon_mp9,m_nDamage,26
weapon_mp9,m_nKillAward,600
weapon_mp9,m_nNumBullets,1
weapon_mp9,m_nPrice,1250
weapon_mp9,m_nPrimaryAmmoType,BULLET_PLAYER_9MM
weapon_mp9,m_nPrimaryReserveAmmoMax,2
weapon_mp9,m_nRecoilSeed,50729
weapon_mp9,m_nRecoveryTransitionEndBullet,5
weapon_mp9,m_nRecoveryTransitionStartBullet,2
weapon_mp9,m_nSecondaryReserveAmmoMax,0
weapon_mp9,m_nSpreadSeed,0
weapon_mp9,m_nTracerFrequency,3
weapon_mp9,m_nZoomFOV1,90
weapon_mp9,m_nZoomFOV2,90
weapon_mp9,m_nZoomLevels,0
weapon_mp9,m_szAnimSkeleton,animation/skeletons/weapons/mp9.vnmskel
weapon_mp9,m_szName,weapon_mp9
weapon_mp9,m_szTracerParticle,particles/weapons/cs_weapon_fx/weapon_tracers_smg.vpcf
weapon_mp9,m_szWorldModel,weapons/models/mp9/weapon_smg_mp9.vmdl
weapon_mp9,m_vecMuzzlePos0,22.783|-4.759|-2.531
weapon_mp7,_base,weapon_mp7_prefab
weapon_mp7,_class,weapon_mp7
weapon_mp7,_not_pickable,1
weapon_mp7,m_GearSlot,GEAR_SLOT_RIFLE
weapon_mp7,m_GearSlotPosition,0
weapon_mp7,m_WeaponType,WEAPONTYPE_SUBMACHINEGUN
weapon_mp7,m_bAllowFlipping,true
weapon_mp7,m_bAutoSwitchFrom,true
weapon_mp7,m_bAutoSwitchTo,true
weapon_mp7,m_bBuiltRightHanded,true
weapon_mp7,m_bCannotShootUnderwater,false
weapon_mp7,m_bHasBurstMode,false
weapon_mp7,m_bHideViewModelWhenZoomed,false
weapon_mp7,m_bIsFullAuto,true
weapon_mp7,m_bIsRevolver,false
weapon_mp7,m_bMeleeWeapon,false
weapon_mp7,m_bReserveAmmoAsClips,true
weapon_mp7,m_bUnzoomsAfterShot,false
weapon_mp7,m_eSilencerType,WEAPONSILENCER_NONE
weapon_mp7,m_flArmorRatio,1.25
weapon_mp7,m_flAttackMovespeedFactor,1.0
weapon_mp7,m_flCycleTime,0.08
weapon_mp7,m_flCycleTimeWhenInBurstMode,0.0
weapon_mp7,m_flDeployDuration,1.0
weapon_mp7,m_flDisallowAttackAfterReloadStartDuration,3.166667
weapon_mp7,m_flFlinchVelocityModifierLarge,0.0
weapon_mp7,m_flFlinchVelocityModifierSmall,0.0
weapon_mp7,m_flHeadshotMultiplier,4.0
weapon_mp7,m_flInaccuracyAltSoundThreshold,0.0
weapon_mp7,m_flInaccuracyCrouch,0.0085|0.0085
weapon_mp7,m_flInaccuracyFire,0.00218|0.00218
weapon_mp7,m_flInaccuracyJump,0.0596|0.0596
weapon_mp7,m_flInaccuracyJumpApex,0.0
weapon_mp7,m_flInaccuracyJumpInitial,0.05541
weapon_mp7,m_flInaccuracyLadder,0.05756|0.05756
weapon_mp7,m_flInaccuracyLand,0.000115|0.000115
weapon_mp7,m_flInaccuracyMove,0.01986|0.01986
weapon_mp7,m_flInaccuracyPitchShift,0.0
weapon_mp7,m_flInaccuracyReload,0.0
weapon_mp7,m_flInaccuracyStand,0.01|0.01
weapon_mp7,m_flMaxSpeed,220.0|220.0
weapon_mp7,m_flPenetration,1.0
weapon_mp7,m_flRange,3600.0
weapon_mp7,m_flRangeModifier,0.87
weapon_mp7,m_flRecoilAngle,0.0|0.0
weapon_mp7,m_flRecoilAngleVariance,70.0|70.0
weapon_mp7,m_flRecoilMagnitude,16.0|16.0
weapon_mp7,m_flRecoilMagnitudeVariance,1.0|1.0
weapon_mp7,m_flRecoveryTimeCrouch,0.312494
weapon_mp7,m_flRecoveryTimeCrouchFinal,0.312494
weapon_mp7,m_flRecoveryTimeStand,0.437491
weapon_mp7,m_flRecoveryTimeStandFinal,0.437491
weapon_mp7,m_flSpread,0.0006|0.0006
weapon_mp7,m_flTimeBetweenBurstShots,0.0
weapon_mp7,m_flZoomTime0,0.0
weapon_mp7,m_flZoomTime1,0.0
weapon_mp7,m_flZoomTime2,0.0
weapon_mp7,m_iDefaultClip1,-1
weapon_mp7,m_iDefaultClip2,-1
weapon_mp7,m_iMaxClip1,30
weapon_mp7,m_iMaxClip2,0
weapon_mp7,m_iRumbleEffect,3
weapon_mp7,m_iWeight,25
weapon_mp7,m_nCrosshairDeltaDistance,2
weapon_mp7,m_nCrosshairMinDistance,6
weapon_mp7,m_nDamage,30
weapon_mp7,m_nKillAward,600
weapon_mp7,m_nNumBullets,1
weapon_mp7,m_nPrice,1400
weapon_mp7,m_nPrimaryAmmoType,BULLET_PLAYER_9MM
weapon_mp7,m_nPrimaryReserveAmmoMax,3
weapon_mp7,m_nRecoilSeed,61649
weapon_mp7,m_nRecoveryTransitionEndBullet,5
weapon_mp7,m_nRecoveryTransitionStartBullet,2
weapon_mp7,m_nSecondaryAmmoType,BULLET_PLAYER_9MM
weapon_mp7,m_nSecondaryReserveAmmoMax,0
weapon_mp7,m_nSpreadSeed,0
weapon_mp7,m_nTracerFrequency,3
weapon_mp7,m_nZoomFOV1,90
weapon_mp7,m_nZoomFOV2,90
weapon_mp7,m_nZoomLevels,0
weapon_mp7,m_szAnimSkeleton,animation/skeletons/weapons/mp7.vnmskel
weapon_mp7,m_szName,weapon_mp7
weapon_mp7,m_szTracerParticle,particles/weapons/cs_weapon_fx/weapon_tracers_smg.vpcf
weapon_mp7,m_szWorldModel,weapons/models/mp7/weapon_smg_mp7.vmdl
weapon_mp7,m_vecMuzzlePos0,27.101|-5.278|-3.958
weapon_mp5sd,_base,weapon_mp5sd_prefab
weapon_mp5sd,_class,weapon_mp7
weapon_mp5sd,_not_pickable,1
weapon_mp5sd,m_GearSlot,GEAR_SLOT_RIFLE
weapon_mp5sd,m_GearSlotPosition,0
weapon_mp5sd,m_WeaponType,WEAPONTYPE_SUBMACHINEGUN
weapon_mp5sd,m_bAllowFlipping,true
weapon_mp5sd,m_bAutoSwitchFrom,true
weapon_mp5sd,m_bAutoSwitchTo,true
weapon_mp5sd,m_bBuiltRightHanded,true
weapon_mp5sd,m_bCannotShootUnderwater,false
weapon_mp5sd,m_bHasBurstMode,false
weapon_mp5sd,m_bHideViewModelWhenZoomed,false
weapon_mp5sd,m_bIsFullAuto,true
weapon_mp5sd,m_bIsRevolver,false
weapon_mp5sd,m_bMeleeWeapon,false
weapon_mp5sd,m_bReserveAmmoAsClips,true
weapon_mp5sd,m_bUnzoomsAfterShot,false
weapon_mp5sd,m_eSilencerType,WEAPONSILENCER_INTEGRATED
weapon_mp5sd,m_flArmorRatio,1.25
weapon_mp5sd,m_flAttackMovespeedFactor,1.0
weapon_mp5sd,m_flCycleTime,0.08
weapon_mp5sd,m_flCycleTimeWhenInBurstMode,0.0
weapon_mp5sd,m_flDeployDuration,1.0
weapon_mp5sd,m_flDisallowAttackAfterReloadStartDuration,2.966667
weapon_mp5sd,m_flFlinchVelocityModifierLarge,0.0
weapon_mp5sd,m_flFlinchVelocityModifierSmall,0.0
weapon_mp5sd,m_flHeadshotMultiplier,4.0
weapon_mp5sd,m_flInaccuracyAltSoundThreshold,0.0
weapon_mp5sd,m_flInaccuracyCrouch,0.0085|0.0085
weapon_mp5sd,m_flInaccuracyFire,0.00218|0.00218
weapon_mp5sd,m_flInaccuracyJump,0.0596|0.0596
weapon_mp5sd,m_flInaccuracyJumpApex,0.0
weapon_mp5sd,m_flInaccuracyJumpInitial,0.05541
weapon_mp5sd,m_flInaccuracyLadder,0.05756|0.05756
weapon_mp5sd,m_flInaccuracyLand,0.000115|0.000115
weapon_mp5sd,m_flInaccuracyMove,0.03|0.01986
weapon_mp5sd,m_flInaccuracyPitchShift,0.0
weapon_mp5sd,m_flInaccuracyReload,0.0
weapon_mp5sd,m_flInaccuracyStand,0.01|0.01
weapon_mp5sd,m_flMaxSpeed,235.0|220.0
weapon_mp5sd,m_flPenetration,1.0
weapon_mp5sd,m_flRange,3600.0
weapon_mp5sd,m_flRangeModifier,0.87
weapon_mp5sd,m_flRecoilAngle,0.0|0.0
weapon_mp5sd,m_flRecoilAngleVariance,70.0|70.0
weapon_mp5sd,m_flRecoilMagnitude,16.0|16.0
weapon_mp5sd,m_flRecoilMagnitudeVariance,1.0|1.0
weapon_mp5sd,m_flRecoveryTimeCrouch,0.312494
weapon_mp5sd,m_flRecoveryTimeCrouchFinal,0.312494
weapon_mp5sd,m_flRecoveryTimeStand,0.437491
weapon_mp5sd,m_flRecoveryTimeStandFinal,0.437491
weapon_mp5sd,m_flSpread,0.0006|0.0006
weapon_mp5sd,m_flTimeBetweenBurstShots,0.0
weapon_mp5sd,m_flZoomTime0,0.0
weapon_mp5sd,m_flZoomTime1,0.0
weapon_mp5sd,m_flZoomTime2,0.0
weapon_mp5sd,m_iDefaultClip1,-1
weapon_mp5sd,m_iDefaultClip2,-1
weapon_mp5sd,m_iMaxClip1,30
weapon_mp5sd,m_iMaxClip2,0
weapon_mp5sd,m_iRumbleEffect,3
weapon_mp5sd,m_iWeight,25
weapon_mp5sd,m_nCrosshairDeltaDistance,2
weapon_mp5sd,m_nCrosshairMinDistance,6
weapon_mp5sd,m_nDamage,28
weapon_mp5sd,m_nKillAward,600
weapon_mp5sd,m_nNumBullets,1
weapon_mp5sd,m_nPrice,1400
weapon_mp5sd,m_nPrimaryAmmoType,BULLET_PLAYER_9MM
weapon_mp5sd,m_nPrimaryReserveAmmoMax,3
weapon_mp5sd,m_nRecoilSeed,61649
weapon_mp5sd,m_nRecoveryTransitionEndBullet,5
weapon_mp5sd,m_nRecoveryTransitionStartBullet,2
weapon_mp5sd,m_nSecondaryAmmoType,BULLET_PLAYER_9MM
weapon_mp5sd,m_nSecondaryReserveAmmoMax,0
weapon_mp5sd,m_nSpreadSeed,0
weapon_mp5sd,m_nTracerFrequency,0
weapon_mp5sd,m_nZoomFOV1,90
weapon_mp5sd,m_nZoomFOV2,90
weapon_mp5sd,m_nZoomLevels,0
weapon_mp5sd,m_szAnimClass,weapon_mp5sd
weapon_mp5sd,m_szAnimSkeleton,animation/skeletons/weapons/mp5sd.vnmskel
weapon_mp5sd,m_szName,weapon_mp5sd
weapon_mp5sd,m_szTracerParticle,particles/weapons/cs_weapon_fx/weapon_tracers_smg.vpcf
weapon_mp5sd,m_szWorldModel,weapons/models/mp5sd/weapon_smg_mp5sd.vmdl
weapon_mp5sd,m_vecMuzzlePos0,38.905|-5.166|-4.33
weapon_ump45,_base,weapon_ump45_prefab
weapon_ump45,_class,weapon_ump45
weapon_ump45,_not_pickable,1
weapon_ump45,m_GearSlot,GEAR_SLOT_RIFLE
weapon_ump45,m_GearSlotPosition,0
weapon_ump45,m_WeaponType,WEAPONTYPE_SUBMACHINEGUN
weapon_ump45,m_bAllowFlipping,true
weapon_ump45,m_bAutoSwitchFrom,true
weapon_ump45,m_bAutoSwitchTo,true
weapon_ump45,m_bBuiltRightHanded,true
weapon_ump45,m_bCannotShootUnderwater,false
weapon_ump45,m_bHasBurstMode,false
weapon_ump45,m_bHideViewModelWhenZoomed,false
weapon_ump45,m_bIsFullAuto,true
weapon_ump45,m_bIsRevolver,false
weapon_ump45,m_bMeleeWeapon,false
weapon_ump45,m_bReserveAmmoAsClips,true
weapon_ump45,m_bUnzoomsAfterShot,false
weapon_ump45,m_eSilencerType,WEAPONSILENCER_NONE
weapon_ump45,m_flArmorRatio,1.3
weapon_ump45,m_flAttackMovespeedFactor,1.0
weapon_ump45,m_flCycleTime,0.09
weapon_ump45,m_flCycleTimeWhenInBurstMode,0.0
weapon_ump45,m_flDeployDuration,1.0
weapon_ump45,m_flDisallowAttackAfterReloadStartDuration,3.466667
weapon_ump45,m_flFlinchVelocityModifierLarge,0.0
weapon_ump45,m_flFlinchVelocityModifierSmall,0.0
weapon_ump45,m_flHeadshotMultiplier,4.0
weapon_ump45,m_flInaccuracyAltSoundThreshold,0.0
weapon_ump45,m_flInaccuracyCrouch,0.01007|0.01007
weapon_ump45,m_flInaccuracyFire,0.00342|0.00342
weapon_ump45,m_flInaccuracyJump,0.03725|0.03725
weapon_ump45,m_flInaccuracyJumpApex,0.0
weapon_ump45,m_flInaccuracyJumpInitial,0.04721
weapon_ump45,m_flInaccuracyLadder,0.04235|0.04235
weapon_ump45,m_flInaccuracyLand,0.000085|0.000085
weapon_ump45,m_flInaccuracyMove,0.02876|0.02876
weapon_ump45,m_flInaccuracyPitchShift,0.0
weapon_ump45,m_flInaccuracyReload,0.0
weapon_ump45,m_flInaccuracyStand,0.01343|0.01343
weapon_ump45,m_flMaxSpeed,230.0|230.0
weapon_ump45,m_flPenetration,1.0
weapon_ump45,m_flRange,3700.0
weapon_ump45,m_flRangeModifier,0.75
weapon_ump45,m_flRecoilAngle,0.0|0.0
weapon_ump45,m_flRecoilAngleVariance,40.0|40.0
weapon_ump45,m_flRecoilMagnitude,23.0|23.0
weapon_ump45,m_flRecoilMagnitudeVariance,1.0|1.0
weapon_ump45,m_flRecoveryTimeCrouch,0.249995
weapon_ump45,m_flRecoveryTimeCrouchFinal,0.249995
weapon_ump45,m_flRecoveryTimeStand,0.349993
weapon_ump45,m_flRecoveryTimeStandFinal,0.349993
weapon_ump45,m_flSpread,0.001|0.001
weapon_ump45,m_flTimeBetweenBurstShots,0.0
weapon_ump45,m_flZoomTime0,0.0
weapon_ump45,m_flZoomTime1,0.0
weapon_ump45,m_flZoomTime2,0.0
weapon_ump45,m_iDefaultClip1,-1
weapon_ump45,m_iDefaultClip2,-1
weapon_ump45,m_iMaxClip1,25
weapon_ump45,m_iMaxClip2,0
weapon_ump45,m_iRumbleEffect,4
weapon_ump45,m_iWeight,25
weapon_ump45,m_nCrosshairDeltaDistance,3
weapon_ump45,m_nCrosshairMinDistance,6
weapon_ump45,m_nDamage,35
weapon_ump45,m_nKillAward,600
weapon_ump45,m_nNumBullets,1
weapon_ump45,m_nPrice,1200
weapon_ump45,m_nPrimaryAmmoType,BULLET_PLAYER_45ACP
weapon_ump45,m_nPrimaryReserveAmmoMax,3
weapon_ump45,m_nRecoilSeed,59299
weapon_ump45,m_nRecoveryTransitionEndBullet,5
weapon_ump45,m_nRecoveryTransitionStartBullet,2
weapon_ump45,m_nSecondaryReserveAmmoMax,0
weapon_ump45,m_nSpreadSeed,0
weapon_ump45,m_nTracerFrequency,3
weapon_ump45,m_nZoomFOV1,90
weapon_ump45,m_nZoomFOV2,90
weapon_ump45,m_nZoomLevels,0
weapon_ump45,m_szAnimSkeleton,animation/skeletons/weapons/ump45.vnmskel
weapon_ump45,m_szName,weapon_ump45
weapon_ump45,m_szTracerParticle,particles/weapons/cs_weapon_fx/weapon_tracers_smg.vpcf
weapon_ump45,m_szWorldModel,weapons/models/ump45/weapon_smg_ump45.vmdl
weapon_ump45,m_vecMuzzlePos0,34.674|-5.162|-4.139
weapon_p90,_base,weapon_p90_prefab
weapon_p90,_class,weapon_p90
weapon_p90,_not_pickable,1
weapon_p90,m_GearSlot,GEAR_SLOT_RIFLE
weapon_p90,m_GearSlotPosition,0
weapon_p90,m_WeaponType,WEAPONTYPE_SUBMACHINEGUN
weapon_p90,m_bAllowFlipping,true
weapon_p90,m_bAutoSwitchFrom,true
weapon_p90,m_bAutoSwitchTo,true
weapon_p90,m_bBuiltRightHanded,true
weapon_p90,m_bCannotShootUnderwater,false
weapon_p90,m_bHasBurstMode,false
weapon_p90,m_bHideViewModelWhenZoomed,false
weapon_p90,m_bIsFullAuto,true
weapon_p90,m_bIsRevolver,false
weapon_p90,m_bMeleeWeapon,false
weapon_p90,m_bReserveAmmoAsClips,true
weapon_p90,m_bUnzoomsAfterShot,false
weapon_p90,m_eSilencerType,WEAPONSILENCER_NONE
weapon_p90,m_flArmorRatio,1.38
weapon_p90,m_flAttackMovespeedFactor,1.0
weapon_p90,m_flCycleTime,0.07
weapon_p90,m_flCycleTimeWhenInBurstMode,0.0
weapon_p90,m_flDeployDuration,1.0
weapon_p90,m_flDisallowAttackAfterReloadStartDuration,3.366667
weapon_p90,m_flFlinchVelocityModifierLarge,0.0
weapon_p90,m_flFlinchVelocityModifierSmall,0.0
weapon_p90,m_flHeadshotMultiplier,4.0
weapon_p90,m_flInaccuracyAltSoundThreshold,0.0
weapon_p90,m_flInaccuracyCrouch,0.01024|0.01024
weapon_p90,m_flInaccuracyFire,0.00285|0.00285
weapon_p90,m_flInaccuracyJump,0.09008|0.09008
weapon_p90,m_flInaccuracyJumpApex,0.0
weapon_p90,m_flInaccuracyJumpInitial,0.1046
weapon_p90,m_flInaccuracyLadder,0.13217|0.13217
weapon_p90,m_flInaccuracyLand,0.000082|0.000082
weapon_p90,m_flInaccuracyMove,0.031|0.031
weapon_p90,m_flInaccuracyPitchShift,0.0
weapon_p90,m_flInaccuracyReload,0.0
weapon_p90,m_flInaccuracyStand,0.01365|0.01365
weapon_p90,m_flMaxSpeed,230.0|230.0
weapon_p90,m_flPenetration,1.0
weapon_p90,m_flRange,3700.0
weapon_p90,m_flRangeModifier,0.86
weapon_p90,m_flRecoilAngle,0.0|0.0
weapon_p90,m_flRecoilAngleVariance,70.0|70.0
weapon_p90,m_flRecoilMagnitude,16.0|16.0
weapon_p90,m_flRecoilMagnitudeVariance,1.0|1.0
weapon_p90,m_flRecoveryTimeCrouch,0.265784
weapon_p90,m_flRecoveryTimeCrouchFinal,0.265784
weapon_p90,m_flRecoveryTimeStand,0.372098
weapon_p90,m_flRecoveryTimeStandFinal,0.372098
weapon_p90,m_flSpread,0.001|0.001
weapon_p90,m_flTimeBetweenBurstShots,0.0
weapon_p90,m_flZoomTime0,0.0
weapon_p90,m_flZoomTime1,0.0
weapon_p90,m_flZoomTime2,0.0
weapon_p90,m_iDefaultClip1,-1
weapon_p90,m_iDefaultClip2,-1
weapon_p90,m_iMaxClip1,50
weapon_p90,m_iMaxClip2,0
weapon_p90,m_iRumbleEffect,3
weapon_p90,m_iWeight,26
weapon_p90,m_nCrosshairDeltaDistance,3
weapon_p90,m_nCrosshairMinDistance,7
weapon_p90,m_nDamage,26
weapon_p90,m_nKillAward,300
weapon_p90,m_nNumBullets,1
weapon_p90,m_nPrice,2350
weapon_p90,m_nPrimaryAmmoType,BULLET_PLAYER_57MM
weapon_p90,m_nPrimaryReserveAmmoMax,2
weapon_p90,m_nRecoilSeed,6213
weapon_p90,m_nRecoveryTransitionEndBullet,5
weapon_p90,m_nRecoveryTransitionStartBullet,2
weapon_p90,m_nSecondaryReserveAmmoMax,0
weapon_p90,m_nSpreadSeed,0
weapon_p90,m_nTracerFrequency,3
weapon_p90,m_nZoomFOV1,90
weapon_p90,m_nZoomFOV2,90
weapon_p90,m_nZoomLevels,0
weapon_p90,m_szAnimSkeleton,animation/skeletons/weapons/p90.vnmskel
weapon_p90,m_szName,weapon_p90
weapon_p90,m_szTracerParticle,particles/weapons/cs_weapon_fx/weapon_tracers_smg.vpcf
weapon_p90,m_szWorldModel,weapons/models/p90/weapon_smg_p90.vmdl
weapon_p90,m_vecMuzzlePos0,24.058|-5.247|-3.181
weapon_bizon,_base,weapon_bizon_prefab
weapon_bizon,_class,weapon_bizon
weapon_bizon,_not_pickable,1
weapon_bizon,m_GearSlot,GEAR_SLOT_RIFLE
weapon_bizon,m_GearSlotPosition,0
weapon_bizon,m_WeaponType,WEAPONTYPE_SUBMACHINEGUN
weapon_bizon,m_bAllowFlipping,true
weapon_bizon,m_bAutoSwitchFrom,true
weapon_bizon,m_bAutoSwitchTo,true
weapon_bizon,m_bBuiltRightHanded,true
weapon_bizon,m_bCannotShootUnderwater,false
weapon_bizon,m_bHasBurstMode,false
weapon_bizon,m_bHideViewModelWhenZoomed,false
weapon_bizon,m_bIsFullAuto,true
weapon_bizon,m_bIsRevolver,false
weapon_bizon,m_bMeleeWeapon,false
weapon_bizon,m_bReserveAmmoAsClips,true
weapon_bizon,m_bUnzoomsAfterShot,false
weapon_bizon,m_eSilencerType,WEAPONSILENCER_NONE
weapon_bizon,m_flArmorRatio,1.26
weapon_bizon,m_flAttackMovespeedFactor,1.0
weapon_bizon,m_flCycleTime,0.08
weapon_bizon,m_flCycleTimeWhenInBurstMode,0.0
weapon_bizon,m_flDeployDuration,1.1
weapon_bizon,m_flDisallowAttackAfterReloadStartDuration,2.433333
weapon_bizon,m_flFlinchVelocityModifierLarge,0.0
weapon_bizon,m_flFlinchVelocityModifierSmall,0.0
weapon_bizon,m_flHeadshotMultiplier,4.0
weapon_bizon,m_flInaccuracyAltSoundThreshold,0.0
weapon_bizon,m_flInaccuracyCrouch,0.0105|0.0105
weapon_bizon,m_flInaccuracyFire,0.00288|0.00288
weapon_bizon,m_flInaccuracyJump,0.03347|0.03347
weapon_bizon,m_flInaccuracyJumpApex,0.0
weapon_bizon,m_flInaccuracyJumpInitial,0.0459
weapon_bizon,m_flInaccuracyLadder,0.16965|0.16965
weapon_bizon,m_flInaccuracyLand,0.00008|0.00008
weapon_bizon,m_flInaccuracyMove,0.02757|0.02757
weapon_bizon,m_flInaccuracyPitchShift,0.0
weapon_bizon,m_flInaccuracyReload,0.0
weapon_bizon,m_flInaccuracyStand,0.014|0.014
weapon_bizon,m_flMaxSpeed,240.0|240.0
weapon_bizon,m_flPenetration,1.0
weapon_bizon,m_flRange,3600.0
weapon_bizon,m_flRangeModifier,0.8
weapon_bizon,m_flRecoilAngle,0.0|0.0
weapon_bizon,m_flRecoilAngleVariance,70.0|70.0
weapon_bizon,m_flRecoilMagnitude,18.0|18.0
weapon_bizon,m_flRecoilMagnitudeVariance,1.0|1.0
weapon_bizon,m_flRecoveryTimeCrouch,0.236837
weapon_bizon,m_flRecoveryTimeCrouchFinal,0.236837
weapon_bizon,m_flRecoveryTimeStand,0.331572
weapon_bizon,m_flRecoveryTimeStandFinal,0.331572
weapon_bizon,m_flSpread,0.001|0.001
weapon_bizon,m_flTimeBetweenBurstShots,0.0
weapon_bizon,m_flZoomTime0,0.0
weapon_bizon,m_flZoomTime1,0.0
weapon_bizon,m_flZoomTime2,0.0
weapon_bizon,m_iDefaultClip1,-1
weapon_bizon,m_iDefaultClip2,-1
weapon_bizon,m_iMaxClip1,64
weapon_bizon,m_iMaxClip2,0
weapon_bizon,m_iRumbleEffect,3
weapon_bizon,m_iWeight,26
weapon_bizon,m_nCrosshairDeltaDistance,3
weapon_bizon,m_nCrosshairMinDistance,7
weapon_bizon,m_nDamage,27
weapon_bizon,m_nKillAward,600
weapon_bizon,m_nNumBullets,1
weapon_bizon,m_nPrice,1300
weapon_bizon,m_nPrimaryAmmoType,BULLET_PLAYER_9MM
weapon_bizon,m_nPrimaryReserveAmmoMax,2
weapon_bizon,m_nRecoilSeed,36387
weapon_bizon,m_nRecoveryTransitionEndBullet,5
weapon_bizon,m_nRecoveryTransitionStartBullet,2
weapon_bizon,m_nSecondaryReserveAmmoMax,0
weapon_bizon,m_nSpreadSeed,0
weapon_bizon,m_nTracerFrequency,3
weapon_bizon,m_nZoomFOV1,90
weapon_bizon,m_nZoomFOV2,90
weapon_bizon,m_nZoomLevels,0
weapon_bizon,m_szAnimSkeleton,animation/skeletons/weapons/bizon.vnmskel
weapon_bizon,m_szName,weapon_bizon
weapon_bizon,m_szTracerParticle,particles/weapons/cs_weapon_fx/weapon_tracers_smg.vpcf
weapon_bizon,m_szWorldModel,weapons/models/bizon/weapon_smg_bizon.vmdl
weapon_bizon,m_vecMuzzlePos0,33.442|-5.107|-3.014
weapon_galilar,_base,weapon_galilar_prefab
weapon_galilar,_class,weapon_galilar
weapon_galilar,_not_pickable,1
weapon_galilar,m_GearSlot,GEAR_SLOT_RIFLE
weapon_galilar,m_GearSlotPosition,0
weapon_galilar,m_WeaponType,WEAPONTYPE_RIFLE
weapon_galilar,m_bAllowFlipping,true
weapon_galilar,m_bAutoSwitchFrom,true
weapon_galilar,m_bAutoSwitchTo,true
weapon_galilar,m_bBuiltRightHanded,true
weapon_galilar,m_bCannotShootUnderwater,false
weapon_galilar,m_bHasBurstMode,false
weapon_galilar,m_bHideViewModelWhenZoomed,false
weapon_galilar,m_bIsFullAuto,true
weapon_galilar,m_bIsRevolver,false
weapon_galilar,m_bMeleeWeapon,false
weapon_galilar,m_bReserveAmmoAsClips,true
weapon_galilar,m_bUnzoomsAfterShot,false
weapon_galilar,m_eSilencerType,WEAPONSILENCER_NONE
weapon_galilar,m_flArmorRatio,1.55
weapon_galilar,m_flAttackMovespeedFactor,1.0
weapon_galilar,m_flCycleTime,0.09
weapon_galilar,m_flCycleTimeWhenInBurstMode,0.0
weapon_galilar,m_flDeployDuration,1.1
weapon_galilar,m_flDisallowAttackAfterReloadStartDuration,3.033333
weapon_galilar,m_flFlinchVelocityModifierLarge,0.4
weapon_galilar,m_flFlinchVelocityModifierSmall,0.55
weapon_galilar,m_flHeadshotMultiplier,4.0
weapon_galilar,m_flInaccuracyAltSoundThreshold,0.0
weapon_galilar,m_flInaccuracyCrouch,0.00658|0.00484
weapon_galilar,m_flInaccuracyFire,0.007|0.00585
weapon_galilar,m_flInaccuracyJump,0.14978|0.14978
weapon_galilar,m_flInaccuracyJumpApex,0.0
weapon_galilar,m_flInaccuracyJumpInitial,0.10539
weapon_galilar,m_flInaccuracyLadder,0.11358|0.11358
weapon_galilar,m_flInaccuracyLand,0.000256|0.000256
weapon_galilar,m_flInaccuracyMove,0.12356|0.10652
weapon_galilar,m_flInaccuracyPitchShift,0.0
weapon_galilar,m_flInaccuracyReload,0.0
weapon_galilar,m_flInaccuracyStand,0.00877|0.00778
weapon_galilar,m_flMaxSpeed,215.0|215.0
weapon_galilar,m_flPenetration,2.0
weapon_galilar,m_flRange,8192.0
weapon_galilar,m_flRangeModifier,0.98
weapon_galilar,m_flRecoilAngle,0.0|0.0
weapon_galilar,m_flRecoilAngleVariance,70.0|70.0
weapon_galilar,m_flRecoilMagnitude,21.0|21.0
weapon_galilar,m_flRecoilMagnitudeVariance,1.0|1.0
weapon_galilar,m_flRecoveryTimeCrouch,0.15
weapon_galilar,m_flRecoveryTimeCrouchFinal,0.47
weapon_galilar,m_flRecoveryTimeStand,0.3
weapon_galilar,m_flRecoveryTimeStandFinal,0.5
weapon_galilar,m_flSpread,0.0006|0.0006
weapon_galilar,m_flTimeBetweenBurstShots,0.0
weapon_galilar,m_flZoomTime0,0.0
weapon_galilar,m_flZoomTime1,0.0
weapon_galilar,m_flZoomTime2,0.0
weapon_galilar,m_iDefaultClip1,-1
weapon_galilar,m_iDefaultClip2,-1
weapon_galilar,m_iMaxClip1,35
weapon_galilar,m_iMaxClip2,0
weapon_galilar,m_iRumbleEffect,4
weapon_galilar,m_iWeight,25
weapon_galilar,m_nCrosshairDeltaDistance,3
weapon_galilar,m_nCrosshairMinDistance,4
weapon_galilar,m_nDamage,30
weapon_galilar,m_nKillAward,300
weapon_galilar,m_nNumBullets,1
weapon_galilar,m_nPrice,1800
weapon_galilar,m_nPrimaryAmmoType,BULLET_PLAYER_556MM
weapon_galilar,m_nPrimaryReserveAmmoMax,4
weapon_galilar,m_nRecoilSeed,51191
weapon_galilar,m_nRecoveryTransitionEndBullet,5
weapon_galilar,m_nRecoveryTransitionStartBullet,2
weapon_galilar,m_nSecondaryReserveAmmoMax,0
weapon_galilar,m_nSpreadSeed,0
weapon_galilar,m_nTracerFrequency,3
weapon_galilar,m_nZoomFOV1,90
weapon_galilar,m_nZoomFOV2,90
weapon_galilar,m_nZoomLevels,0
weapon_galilar,m_szAnimSkeleton,animation/skeletons/weapons/galil.vnmskel
weapon_galilar,m_szName,weapon_galilar
weapon_galilar,m_szTracerParticle,particles/weapons/cs_weapon_fx/weapon_tracers_assrifle.vpcf
weapon_galilar,m_szWorldModel,weapons/models/galilar/weapon_rif_galilar.vmdl
weapon_galilar,m_vecMuzzlePos0,34.673|-5.319|-3.601
weapon_famas,_base,weapon_famas_prefab
weapon_famas,_class,weapon_famas
weapon_famas,_not_pickable,1
weapon_famas,m_GearSlot,GEAR_SLOT_RIFLE
weapon_famas,m_GearSlotPosition,0
weapon_famas,m_WeaponType,WEAPONTYPE_RIFLE
weapon_famas,m_bAllowFlipping,true
weapon_famas,m_bAutoSwitchFrom,true
weapon_famas,m_bAutoSwitchTo,true
weapon_famas,m_bBuiltRightHanded,true
weapon_famas,m_bCannotShootUnderwater,false
weapon_famas,m_bHasBurstMode,true
weapon_famas,m_bHideViewModelWhenZoomed,false
weapon_famas,m_bIsFullAuto,true
weapon_famas,m_bIsRevolver,false
weapon_famas,m_bMeleeWeapon,false
weapon_famas,m_bReserveAmmoAsClips,true
weapon_famas,m_bUnzoomsAfterShot,false
weapon_famas,m_eSilencerType,WEAPONSILENCER_NONE
weapon_famas,m_flArmorRatio,1.4
weapon_famas,m_flAttackMovespeedFactor,1.0
weapon_famas,m_flCycleTime,0.09
weapon_famas,m_flCycleTimeWhenInBurstMode,0.55
weapon_famas,m_flDeployDuration,1.0
weapon_famas,m_flDisallowAttackAfterReloadStartDuration,3.3
weapon_famas,m_flFlinchVelocityModifierLarge,0.4
weapon_famas,m_flFlinchVelocityModifierSmall,0.55
weapon_famas,m_flHeadshotMultiplier,4.0
weapon_famas,m_flInaccuracyAltSoundThreshold,0.0
weapon_famas,m_flInaccuracyCrouch,0.0055|0.00325
weapon_famas,m_flInaccuracyFire,0.00605|0.00335
weapon_famas,m_flInaccuracyJump,0.11039|0.11039
weapon_famas,m_flInaccuracyJumpApex,0.0
weapon_famas,m_flInaccuracyJumpInitial,0.09477
weapon_famas,m_flInaccuracyLadder,0.118716|0.118716
weapon_famas,m_flInaccuracyLand,0.000205|0.000205
weapon_famas,m_flInaccuracyMove,0.09934|0.09934
weapon_famas,m_flInaccuracyPitchShift,0.0
weapon_famas,m_flInaccuracyReload,0.0
weapon_famas,m_flInaccuracyStand,0.00759|0.00369
weapon_famas,m_flMaxSpeed,220.0|220.0
weapon_famas,m_flPenetration,2.0
weapon_famas,m_flRange,8192.0
weapon_famas,m_flRangeModifier,0.96
weapon_famas,m_flRecoilAngle,0.0|0.0
weapon_famas,m_flRecoilAngleVariance,60.0|50.0
weapon_famas,m_flRecoilMagnitude,20.0|20.0
weapon_famas,m_flRecoilMagnitudeVariance,1.0|1.0
weapon_famas,m_flRecoveryTimeCrouch,0.12
weapon_famas,m_flRecoveryTimeCrouchFinal,0.48
weapon_famas,m_flRecoveryTimeStand,0.25
weapon_famas,m_flRecoveryTimeStandFinal,0.5
weapon_famas,m_flSpread,0.0006|0.0006
weapon_famas,m_flTimeBetweenBurstShots,0.075
weapon_famas,m_flZoomTime0,0.0
weapon_famas,m_flZoomTime1,0.0
weapon_famas,m_flZoomTime2,0.0
weapon_famas,m_iDefaultClip1,-1
weapon_famas,m_iDefaultClip2,-1
weapon_famas,m_iMaxClip1,25
weapon_famas,m_iMaxClip2,0
weapon_famas,m_iRumbleEffect,3
weapon_famas,m_iWeight,75
weapon_famas,m_nCrosshairDeltaDistance,3
weapon_famas,m_nCrosshairMinDistance,4
weapon_famas,m_nDamage,30
weapon_famas,m_nKillAward,300
weapon_famas,m_nNumBullets,1
weapon_famas,m_nPrice,1950
weapon_famas,m_nPrimaryAmmoType,BULLET_PLAYER_556MM
weapon_famas,m_nPrimaryReserveAmmoMax,4
weapon_famas,m_nRecoilSeed,39623
weapon_famas,m_nRecoveryTransitionEndBullet,5
weapon_famas,m_nRecoveryTransitionStartBullet,2
weapon_famas,m_nSecondaryReserveAmmoMax,0
weapon_famas,m_nSpreadSeed,0
weapon_famas,m_nTracerFrequency,3|3
weapon_famas,m_nZoomFOV1,90
weapon_famas,m_nZoomFOV2,90
weapon_famas,m_nZoomLevels,0
weapon_famas,m_szAnimSkeleton,animation/skeletons/weapons/famas.vnmskel
weapon_famas,m_szName,weapon_famas
weapon_famas,m_szTracerParticle,particles/weapons/cs_weapon_fx/weapon_tracers_assrifle.vpcf
weapon_famas,m_szWorldModel,weapons/models/famas/weapon_rif_famas.vmdl
weapon_famas,m_vecMuzzlePos0,36.464|-6.028|-4.783
weapon_ak47,_base,weapon_ak47_prefab
weapon_ak47,_class,weapon_ak47
weapon_ak47,_not_pickable,1
weapon_ak47,m_GearSlot,GEAR_SLOT_RIFLE
weapon_ak47,m_GearSlotPosition,0
weapon_ak47,m_WeaponType,WEAPONTYPE_RIFLE
weapon_ak47,m_bAllowFlipping,true
weapon_ak47,m_bAutoSwitchFrom,true
weapon_ak47,m_bAutoSwitchTo,true
weapon_ak47,m_bBuiltRightHanded,true
weapon_ak47,m_bCannotShootUnderwater,false
weapon_ak47,m_bHasBurstMode,false
weapon_ak47,m_bHideViewModelWhenZoomed,false
weapon_ak47,m_bIsFullAuto,true
weapon_ak47,m_bIsRevolver,false
weapon_ak47,m_bMeleeWeapon,false
weapon_ak47,m_bReserveAmmoAsClips,true
weapon_ak47,m_bUnzoomsAfterShot,false
weapon_ak47,m_eSilencerType,WEAPONSILENCER_NONE
weapon_ak47,m_flArmorRatio,1.55
weapon_ak47,m_flAttackMovespeedFactor,1.0
weapon_ak47,m_flCycleTime,0.1
weapon_ak47,m_flCycleTimeWhenInBurstMode,0.0
weapon_ak47,m_flDeployDuration,1.0
weapon_ak47,m_flDisallowAttackAfterReloadStartDuration,2.466667
weapon_ak47,m_flFlinchVelocityModifierLarge,0.4
weapon_ak47,m_flFlinchVelocityModifierSmall,0.55
weapon_ak47,m_flHeadshotMultiplier,4.0
weapon_ak47,m_flInaccuracyAltSoundThreshold,0.0
weapon_ak47,m_flInaccuracyCrouch,0.00481|0.00481
weapon_ak47,m_flInaccuracyFire,0.0078|0.0078
weapon_ak47,m_flInaccuracyJump,0.14076|0.14076
weapon_ak47,m_flInaccuracyJumpApex,0.0
weapon_ak47,m_flInaccuracyJumpInitial,0.10094
weapon_ak47,m_flInaccuracyLadder,0.14|0.14
weapon_ak47,m_flInaccuracyLand,0.000242|0.000242
weapon_ak47,m_flInaccuracyMove,0.17506|0.17506
weapon_ak47,m_flInaccuracyPitchShift,0.0
weapon_ak47,m_flInaccuracyReload,0.0
weapon_ak47,m_flInaccuracyStand,0.00641|0.00641
weapon_ak47,m_flMaxSpeed,215.0|215.0
weapon_ak47,m_flPenetration,2.0
weapon_ak47,m_flRange,8192.0
weapon_ak47,m_flRangeModifier,0.98
weapon_ak47,m_flRecoilAngle,0.0|0.0
weapon_ak47,m_flRecoilAngleVariance,70.0|70.0
weapon_ak47,m_flRecoilMagnitude,30.0|30.0
weapon_ak47,m_flRecoilMagnitudeVariance,0.0|0.0
weapon_ak47,m_flRecoveryTimeCrouch,0.305257
weapon_ak47,m_flRecoveryTimeCrouchFinal,0.419728
weapon_ak47,m_flRecoveryTimeStand,0.368
weapon_ak47,m_flRecoveryTimeStandFinal,0.506
weapon_ak47,m_flSpread,0.0006|0.0006
weapon_ak47,m_flTimeBetweenBurstShots,0.0
weapon_ak47,m_flZoomTime0,0.0
weapon_ak47,m_flZoomTime1,0.0
weapon_ak47,m_flZoomTime2,0.0
weapon_ak47,m_iDefaultClip1,-1
weapon_ak47,m_iDefaultClip2,-1
weapon_ak47,m_iMaxClip1,30
weapon_ak47,m_iMaxClip2,0
weapon_ak47,m_iRumbleEffect,4
weapon_ak47,m_iWeight,25
weapon_ak47,m_nCrosshairDeltaDistance,4
weapon_ak47,m_nCrosshairMinDistance,4
weapon_ak47,m_nDamage,36
weapon_ak47,m_nKillAward,300
weapon_ak47,m_nNumBullets,1
weapon_ak47,m_nPrice,2700
weapon_ak47,m_nPrimaryAmmoType,BULLET_PLAYER_762MM
weapon_ak47,m_nPrimaryReserveAmmoMax,3
weapon_ak47,m_nRecoilSeed,223
weapon_ak47,m_nRecoveryTransitionEndBullet,5
weapon_ak47,m_nRecoveryTransitionStartBullet,2
weapon_ak47,m_nSecondaryReserveAmmoMax,0
weapon_ak47,m_nSpreadSeed,0
weapon_ak47,m_nTracerFrequency,3
weapon_ak47,m_nZoomFOV1,90
weapon_ak47,m_nZoomFOV2,90
weapon_ak47,m_nZoomLevels,0
weapon_ak47,m_szAnimSkeleton,animation/skeletons/weapons/ak47.vnmskel
weapon_ak47,m_szName,weapon_ak47
weapon_ak47,m_szTracerParticle,particles/weapons/cs_weapon_fx/weapon_tracers_assrifle.vpcf
weapon_ak47,m_szWorldModel,weapons/models/ak47/weapon_rif_ak47.vmdl
weapon_ak47,m_vecMuzzlePos0,37.422|-4.938|-3.394
weapon_m4a1,_base,weapon_m4a1_prefab
weapon_m4a1,_class,weapon_m4a1
weapon_m4a1,_not_pickable,1
weapon_m4a1,m_GearSlot,GEAR_SLOT_RIFLE
weapon_m4a1,m_GearSlotPosition,0
weapon_m4a1,m_WeaponType,WEAPONTYPE_RIFLE
weapon_m4a1,m_bAllowFlipping,true
weapon_m4a1,m_bAutoSwitchFrom,true
weapon_m4a1,m_bAutoSwitchTo,true
weapon_m4a1,m_bBuiltRightHanded,true
weapon_m4a1,m_bCannotShootUnderwater,false
weapon_m4a1,m_bHasBurstMode,false
weapon_m4a1,m_bHideViewModelWhenZoomed,false
weapon_m4a1,m_bIsFullAuto,true
weapon_m4a1,m_bIsRevolver,false
weapon_m4a1,m_bMeleeWeapon,false
weapon_m4a1,m_bReserveAmmoAsClips,true
weapon_m4a1,m_bUnzoomsAfterShot,false
weapon_m4a1,m_eSilencerType,WEAPONSILENCER_NONE
weapon_m4a1,m_flArmorRatio,1.4
weapon_m4a1,m_flAttackMovespeedFactor,1.0
weapon_m4a1,m_flCycleTime,0.09
weapon_m4a1,m_flCycleTimeWhenInBurstMode,0.0
weapon_m4a1,m_flDeployDuration,1.133333
weapon_m4a1,m_flDisallowAttackAfterReloadStartDuration,3.066667
weapon_m4a1,m_flFlinchVelocityModifierLarge,0.4
weapon_m4a1,m_flFlinchVelocityModifierSmall,0.55
weapon_m4a1,m_flHeadshotMultiplier,4.0
weapon_m4a1,m_flInaccuracyAltSoundThreshold,0.0
weapon_m4a1,m_flInaccuracyCrouch,0.0041|0.00368
weapon_m4a1,m_flInaccuracyFire,0.007|0.00634
weapon_m4a1,m_flInaccuracyJump,0.09727|0.09727
weapon_m4a1,m_flInaccuracyJumpApex,0.0
weapon_m4a1,m_flInaccuracyJumpInitial,0.09441
weapon_m4a1,m_flInaccuracyLadder,0.110994|0.113672
weapon_m4a1,m_flInaccuracyLand,0.000192|0.000197
weapon_m4a1,m_flInaccuracyMove,0.13788|0.122
weapon_m4a1,m_flInaccuracyPitchShift,0.0
weapon_m4a1,m_flInaccuracyReload,0.0
weapon_m4a1,m_flInaccuracyStand,0.0049|0.0049
weapon_m4a1,m_flMaxSpeed,225.0|225.0
weapon_m4a1,m_flPenetration,2.0
weapon_m4a1,m_flRange,8192.0
weapon_m4a1,m_flRangeModifier,0.97
weapon_m4a1,m_flRecoilAngle,0.0|0.0
weapon_m4a1,m_flRecoilAngleVariance,70.0|70.0
weapon_m4a1,m_flRecoilMagnitude,23.0|23.0
weapon_m4a1,m_flRecoilMagnitudeVariance,0.0|0.0
weapon_m4a1,m_flRecoveryTimeCrouch,0.2421
weapon_m4a1,m_flRecoveryTimeCrouchFinal,0.332888
weapon_m4a1,m_flRecoveryTimeStand,0.338941
weapon_m4a1,m_flRecoveryTimeStandFinal,0.466044
weapon_m4a1,m_flSpread,0.0006|0.00045
weapon_m4a1,m_flTimeBetweenBurstShots,0.0
weapon_m4a1,m_flZoomTime0,0.0
weapon_m4a1,m_flZoomTime1,0.0
weapon_m4a1,m_flZoomTime2,0.0
weapon_m4a1,m_iDefaultClip1,-1
weapon_m4a1,m_iDefaultClip2,-1
weapon_m4a1,m_iMaxClip1,30
weapon_m4a1,m_iMaxClip2,0
weapon_m4a1,m_iRumbleEffect,4
weapon_m4a1,m_iWeight,25
weapon_m4a1,m_nCrosshairDeltaDistance,3
weapon_m4a1,m_nCrosshairMinDistance,4
weapon_m4a1,m_nDamage,33
weapon_m4a1,m_nKillAward,300
weapon_m4a1,m_nNumBullets,1
weapon_m4a1,m_nPrice,2900
weapon_m4a1,m_nPrimaryAmmoType,BULLET_PLAYER_556MM
weapon_m4a1,m_nPrimaryReserveAmmoMax,4
weapon_m4a1,m_nRecoilSeed,38965
weapon_m4a1,m_nRecoveryTransitionEndBullet,5
weapon_m4a1,m_nRecoveryTransitionStartBullet,2
weapon_m4a1,m_nSecondaryReserveAmmoMax,0
weapon_m4a1,m_nSpreadSeed,0
weapon_m4a1,m_nTracerFrequency,3
weapon_m4a1,m_nZoomFOV1,90
weapon_m4a1,m_nZoomFOV2,90
weapon_m4a1,m_nZoomLevels,0
weapon_m4a1,m_szAnimSkeleton,animation/skeletons/weapons/m4a4.vnmskel
weapon_m4a1,m_szName,weapon_m4a1
weapon_m4a1,m_szTracerParticle,particles/weapons/cs_weapon_fx/weapon_tracers_assrifle.vpcf
weapon_m4a1,m_szWorldModel,weapons/models/m4a4/weapon_rif_m4a4.vmdl
weapon_m4a1,m_vecMuzzlePos0,35.62|-4.975|-3.707
weapon_m4a1_silencer,_base,weapon_m4a1_silencer_prefab
weapon_m4a1_silencer,_class,weapon_m4a1
weapon_m4a1_silencer,_not_pickable,1
weapon_m4a1_silencer,m_GearSlot,GEAR_SLOT_RIFLE
weapon_m4a1_silencer,m_GearSlotPosition,0
weapon_m4a1_silencer,m_WeaponType,WEAPONTYPE_RIFLE
weapon_m4a1_silencer,m_bAllowFlipping,true
weapon_m4a1_silencer,m_bAutoSwitchFrom,true
weapon_m4a1_silencer,m_bAutoSwitchTo,true
weapon_m4a1_silencer,m_bBuiltRightHanded,true
weapon_m4a1_silencer,m_bCannotShootUnderwater,false
weapon_m4a1_silencer,m_bHasBurstMode,false
weapon_m4a1_silencer,m_bHideViewModelWhenZoomed,false
weapon_m4a1_silencer,m_bIsFullAuto,true
weapon_m4a1_silencer,m_bIsRevolver,false
weapon_m4a1_silencer,m_bMeleeWeapon,false
weapon_m4a1_silencer,m_bReserveAmmoAsClips,true
weapon_m4a1_silencer,m_bUnzoomsAfterShot,false
weapon_m4a1_silencer,m_eSilencerType,WEAPONSILENCER_DETACHABLE
weapon_m4a1_silencer,m_flArmorRatio,1.4
weapon_m4a1_silencer,m_flAttackMovespeedFactor,1.0
weapon_m4a1_silencer,m_flCycleTime,0.1
weapon_m4a1_silencer,m_flCycleTimeWhenInBurstMode,0.0
weapon_m4a1_silencer,m_flDeployDuration,1.133333
weapon_m4a1_silencer,m_flDisallowAttackAfterReloadStartDuration,3.066667
weapon_m4a1_silencer,m_flFlinchVelocityModifierLarge,0.4
weapon_m4a1_silencer,m_flFlinchVelocityModifierSmall,0.4
weapon_m4a1_silencer,m_flHeadshotMultiplier,3.475
weapon_m4a1_silencer,m_flInaccuracyAltSoundThreshold,0.0
weapon_m4a1_silencer,m_flInaccuracyCrouch,0.0041|0.0041
weapon_m4a1_silencer,m_flInaccuracyFire,0.012|0.007
weapon_m4a1_silencer,m_flInaccuracyJump,0.0997|0.0997
weapon_m4a1_silencer,m_flInaccuracyJumpApex,0.0
weapon_m4a1_silencer,m_flInaccuracyJumpInitial,0.09677
weapon_m4a1_silencer,m_flInaccuracyLadder,0.110994|0.113672
weapon_m4a1_silencer,m_flInaccuracyLand,0.000197|0.000197
weapon_m4a1_silencer,m_flInaccuracyMove,0.09288|0.122
weapon_m4a1_silencer,m_flInaccuracyPitchShift,0.0
weapon_m4a1_silencer,m_flInaccuracyReload,0.0
weapon_m4a1_silencer,m_flInaccuracyStand,0.0049|0.0049
weapon_m4a1_silencer,m_flMaxSpeed,225.0|225.0
weapon_m4a1_silencer,m_flPenetration,2.0
weapon_m4a1_silencer,m_flRange,8192.0
weapon_m4a1_silencer,m_flRangeModifier,0.94
weapon_m4a1_silencer,m_flRecoilAngle,0.0|0.0
weapon_m4a1_silencer,m_flRecoilAngleVariance,65.0|65.0
weapon_m4a1_silencer,m_flRecoilMagnitude,25.0|21.0
weapon_m4a1_silencer,m_flRecoilMagnitudeVariance,3.0|0.0
weapon_m4a1_silencer,m_flRecoveryTimeCrouch,0.2421
weapon_m4a1_silencer,m_flRecoveryTimeCrouchFinal,0.332888
weapon_m4a1_silencer,m_flRecoveryTimeStand,0.338941
weapon_m4a1_silencer,m_flRecoveryTimeStandFinal,0.466044
weapon_m4a1_silencer,m_flSpread,0.0006|0.0005
weapon_m4a1_silencer,m_flTimeBetweenBurstShots,0.0
weapon_m4a1_silencer,m_flZoomTime0,0.0
weapon_m4a1_silencer,m_flZoomTime1,0.0
weapon_m4a1_silencer,m_flZoomTime2,0.0
weapon_m4a1_silencer,m_iDefaultClip1,-1
weapon_m4a1_silencer,m_iDefaultClip2,-1
weapon_m4a1_silencer,m_iMaxClip1,20
weapon_m4a1_silencer,m_iMaxClip2,0
weapon_m4a1_silencer,m_iRumbleEffect,4
weapon_m4a1_silencer,m_iWeight,25
weapon_m4a1_silencer,m_nCrosshairDeltaDistance,3
weapon_m4a1_silencer,m_nCrosshairMinDistance,4
weapon_m4a1_silencer,m_nDamage,38
weapon_m4a1_silencer,m_nKillAward,300
weapon_m4a1_silencer,m_nNumBullets,1
weapon_m4a1_silencer,m_nPrice,2900
weapon_m4a1_silencer,m_nPrimaryAmmoType,BULLET_PLAYER_556MM_SMALL
weapon_m4a1_silencer,m_nPrimaryReserveAmmoMax,3
weapon_m4a1_silencer,m_nRecoilSeed,38965
weapon_m4a1_silencer,m_nRecoveryTransitionEndBullet,5
weapon_m4a1_silencer,m_nRecoveryTransitionStartBullet,2
weapon_m4a1_silencer,m_nSecondaryReserveAmmoMax,0
weapon_m4a1_silencer,m_nSpreadSeed,0
weapon_m4a1_silencer,m_nTracerFrequency,3|0
weapon_m4a1_silencer,m_nZoomFOV1,90
weapon_m4a1_silencer,m_nZoomFOV2,90
weapon_m4a1_silencer,m_nZoomLevels,0
weapon_m4a1_silencer,m_szAnimClass,weapon_m4a1_silencer
weapon_m4a1_silencer,m_szAnimSkeleton,animation/skeletons/weapons/m4a1_silencer.vnmskel
weapon_m4a1_silencer,m_szName,weapon_m4a1_silencer
weapon_m4a1_silencer,m_szTracerParticle,particles/weapons/cs_weapon_fx/weapon_tracers_assrifle.vpcf
weapon_m4a1_silencer,m_szWorldModel,weapons/models/m4a1_silencer/weapon_rif_m4a1_silencer.vmdl
weapon_m4a1_silencer,m_vecMuzzlePos0,39.583|-4.846|-3.367
weapon_m4a1_silencer,m_vecMuzzlePos1,46.463|-4.83|-3.374
weapon_sg556,_base,weapon_sg556_prefab
weapon_sg556,_class,weapon_sg556
weapon_sg556,_not_pickable,1
weapon_sg556,m_GearSlot,GEAR_SLOT_RIFLE
weapon_sg556,m_GearSlotPosition,0
weapon_sg556,m_WeaponType,WEAPONTYPE_RIFLE
weapon_sg556,m_bAllowFlipping,true
weapon_sg556,m_bAutoSwitchFrom,true
weapon_sg556,m_bAutoSwitchTo,true
weapon_sg556,m_bBuiltRightHanded,true
weapon_sg556,m_bCannotShootUnderwater,false
weapon_sg556,m_bHasBurstMode,false
weapon_sg556,m_bHideViewModelWhenZoomed,false
weapon_sg556,m_bIsFullAuto,true
weapon_sg556,m_bIsRevolver,false
weapon_sg556,m_bMeleeWeapon,false
weapon_sg556,m_bReserveAmmoAsClips,true
weapon_sg556,m_bUnzoomsAfterShot,false
weapon_sg556,m_eSilencerType,WEAPONSILENCER_NONE
weapon_sg556,m_flArmorRatio,2.0
weapon_sg556,m_flAttackMovespeedFactor,1.0
weapon_sg556,m_flCycleTime,0.11
weapon_sg556,m_flCycleTimeWhenInBurstMode,0.0
weapon_sg556,m_flDeployDuration,1.0
weapon_sg556,m_flDisallowAttackAfterReloadStartDuration,2.766667
weapon_sg556,m_flFlinchVelocityModifierLarge,0.4
weapon_sg556,m_flFlinchVelocityModifierSmall,0.55
weapon_sg556,m_flHeadshotMultiplier,4.0
weapon_sg556,m_flInaccuracyAltSoundThreshold,0.0
weapon_sg556,m_flInaccuracyCrouch,0.00381|0.00305
weapon_sg556,m_flInaccuracyFire,0.00795|0.0092
weapon_sg556,m_flInaccuracyJump,0.109|0.109
weapon_sg556,m_flInaccuracyJumpApex,0.0
weapon_sg556,m_flInaccuracyJumpInitial,0.07879
weapon_sg556,m_flInaccuracyLadder,0.08366|0.138758
weapon_sg556,m_flInaccuracyLand,0.000188|0.000188
weapon_sg556,m_flInaccuracyMove,0.13601|0.13601
weapon_sg556,m_flInaccuracyPitchShift,0.0
weapon_sg556,m_flInaccuracyReload,0.0
weapon_sg556,m_flInaccuracyStand,0.00581|0.00381
weapon_sg556,m_flIronSightFOV,45.0
weapon_sg556,m_flIronSightLooseness,0.03
weapon_sg556,m_flIronSightPivotForward,8.0
weapon_sg556,m_flIronSightPullUpSpeed,10.0
weapon_sg556,m_flIronSightPutDownSpeed,8.0
weapon_sg556,m_flMaxSpeed,210.0|150.0
weapon_sg556,m_flPenetration,2.0
weapon_sg556,m_flRange,8192.0
weapon_sg556,m_flRangeModifier,0.98
weapon_sg556,m_flRecoilAngle,0.0|0.0
weapon_sg556,m_flRecoilAngleVariance,60.0|60.0
weapon_sg556,m_flRecoilMagnitude,28.0|19.0
weapon_sg556,m_flRecoilMagnitudeVariance,2.0|2.0
weapon_sg556,m_flRecoveryTimeCrouch,0.379204
weapon_sg556,m_flRecoveryTimeCrouchFinal,0.379204
weapon_sg556,m_flRecoveryTimeStand,0.452886
weapon_sg556,m_flRecoveryTimeStandFinal,0.452886
weapon_sg556,m_flSpread,0.0006|0.0003
weapon_sg556,m_flTimeBetweenBurstShots,0.0
weapon_sg556,m_flZoomTime0,0.06
weapon_sg556,m_flZoomTime1,0.1
weapon_sg556,m_flZoomTime2,0.0
weapon_sg556,m_iDefaultClip1,-1
weapon_sg556,m_iDefaultClip2,-1
weapon_sg556,m_iMaxClip1,30
weapon_sg556,m_iMaxClip2,0
weapon_sg556,m_iRumbleEffect,4
weapon_sg556,m_iWeight,25
weapon_sg556,m_nCrosshairDeltaDistance,3
weapon_sg556,m_nCrosshairMinDistance,5
weapon_sg556,m_nDamage,30
weapon_sg556,m_nKillAward,300
weapon_sg556,m_nNumBullets,1
weapon_sg556,m_nPrice,3000
weapon_sg556,m_nPrimaryAmmoType,BULLET_PLAYER_556MM
weapon_sg556,m_nPrimaryReserveAmmoMax,3
weapon_sg556,m_nRecoilSeed,43500
weapon_sg556,m_nRecoveryTransitionEndBullet,5
weapon_sg556,m_nRecoveryTransitionStartBullet,2
weapon_sg556,m_nSecondaryReserveAmmoMax,0
weapon_sg556,m_nSpreadSeed,0
weapon_sg556,m_nTracerFrequency,3|3
weapon_sg556,m_nZoomFOV1,45
weapon_sg556,m_nZoomFOV2,90
weapon_sg556,m_nZoomLevels,1
weapon_sg556,m_szAnimSkeleton,animation/skeletons/weapons/sg556.vnmskel
weapon_sg556,m_szName,weapon_sg556
weapon_sg556,m_szTracerParticle,particles/weapons/cs_weapon_fx/weapon_tracers_assrifle_aug.vpcf
weapon_sg556,m_szWorldModel,weapons/models/sg556/weapon_rif_sg556.vmdl
weapon_sg556,m_vecMuzzlePos0,40.466|-5.134|-3.871
weapon_aug,_base,weapon_aug_prefab
weapon_aug,_class,weapon_aug
weapon_aug,_not_pickable,1
weapon_aug,m_GearSlot,GEAR_SLOT_RIFLE
weapon_aug,m_GearSlotPosition,0
weapon_aug,m_WeaponType,WEAPONTYPE_RIFLE
weapon_aug,m_bAllowFlipping,true
weapon_aug,m_bAutoSwitchFrom,true
weapon_aug,m_bAutoSwitchTo,true
weapon_aug,m_bBuiltRightHanded,true
weapon_aug,m_bCannotShootUnderwater,false
weapon_aug,m_bHasBurstMode,false
weapon_aug,m_bHideViewModelWhenZoomed,false
weapon_aug,m_bIsFullAuto,true
weapon_aug,m_bIsRevolver,false
weapon_aug,m_bMeleeWeapon,false
weapon_aug,m_bReserveAmmoAsClips,true
weapon_aug,m_bUnzoomsAfterShot,false
weapon_aug,m_eSilencerType,WEAPONSILENCER_NONE
weapon_aug,m_flArmorRatio,1.8
weapon_aug,m_flAttackMovespeedFactor,1.0
weapon_aug,m_flCycleTime,0.1
weapon_aug,m_flCycleTimeWhenInBurstMode,0.0
weapon_aug,m_flDeployDuration,1.16667
weapon_aug,m_flDisallowAttackAfterReloadStartDuration,3.766667
weapon_aug,m_flFlinchVelocityModifierLarge,0.4
weapon_aug,m_flFlinchVelocityModifierSmall,0.55
weapon_aug,m_flHeadshotMultiplier,4.0
weapon_aug,m_flInaccuracyAltSoundThreshold,0.0
weapon_aug,m_flInaccuracyCrouch,0.00368|0.00311
weapon_aug,m_flInaccuracyFire,0.00729|0.00729
weapon_aug,m_flInaccuracyJump,0.10599|0.10599
weapon_aug,m_flInaccuracyJumpApex,0.0
weapon_aug,m_flInaccuracyJumpInitial,0.10156
weapon_aug,m_flInaccuracyLadder,0.11004|0.10004
weapon_aug,m_flInaccuracyLand,0.000208|0.000208
weapon_aug,m_flInaccuracyMove,0.13545|0.10545
weapon_aug,m_flInaccuracyPitchShift,0.0
weapon_aug,m_flInaccuracyReload,0.0
weapon_aug,m_flInaccuracyStand,0.0049|0.00368
weapon_aug,m_flIronSightFOV,45.0
weapon_aug,m_flIronSightLooseness,0.03
weapon_aug,m_flIronSightPivotForward,10.0
weapon_aug,m_flIronSightPullUpSpeed,10.0
weapon_aug,m_flIronSightPutDownSpeed,8.0
weapon_aug,m_flMaxSpeed,220.0|150.0
weapon_aug,m_flPenetration,2.0
weapon_aug,m_flRange,8192.0
weapon_aug,m_flRangeModifier,0.98
weapon_aug,m_flRecoilAngle,0.0|0.0
weapon_aug,m_flRecoilAngleVariance,60.0|60.0
weapon_aug,m_flRecoilMagnitude,24.0|16.0
weapon_aug,m_flRecoilMagnitudeVariance,0.0|0.0
weapon_aug,m_flRecoveryTimeCrouch,0.30552
weapon_aug,m_flRecoveryTimeCrouchFinal,0.30552
weapon_aug,m_flRecoveryTimeStand,0.429727
weapon_aug,m_flRecoveryTimeStandFinal,0.429727
weapon_aug,m_flSpread,0.0005|0.0003
weapon_aug,m_flTimeBetweenBurstShots,0.0
weapon_aug,m_flZoomTime0,0.06
weapon_aug,m_flZoomTime1,0.1
weapon_aug,m_flZoomTime2,0.0
weapon_aug,m_iDefaultClip1,-1
weapon_aug,m_iDefaultClip2,-1
weapon_aug,m_iMaxClip1,30
weapon_aug,m_iMaxClip2,0
weapon_aug,m_iRumbleEffect,4
weapon_aug,m_iWeight,25
weapon_aug,m_nCrosshairDeltaDistance,3
weapon_aug,m_nCrosshairMinDistance,3
weapon_aug,m_nDamage,28
weapon_aug,m_nKillAward,300
weapon_aug,m_nNumBullets,1
weapon_aug,m_nPrice,3300
weapon_aug,m_nPrimaryAmmoType,BULLET_PLAYER_762MM
weapon_aug,m_nPrimaryReserveAmmoMax,3
weapon_aug,m_nRecoilSeed,24204
weapon_aug,m_nRecoveryTransitionEndBullet,5
weapon_aug,m_nRecoveryTransitionStartBullet,2
weapon_aug,m_nSecondaryReserveAmmoMax,0
weapon_aug,m_nSpreadSeed,0
weapon_aug,m_nTracerFrequency,3|3
weapon_aug,m_nZoomFOV1,45
weapon_aug,m_nZoomFOV2,90
weapon_aug,m_nZoomLevels,1
weapon_aug,m_szAnimSkeleton,animation/skeletons/weapons/aug.vnmskel
weapon_aug,m_szName,weapon_aug
weapon_aug,m_szTracerParticle,particles/weapons/cs_weapon_fx/weapon_tracers_assrifle_aug.vpcf
weapon_aug,m_szWorldModel,weapons/models/aug/weapon_rif_aug.vmdl
weapon_aug,m_vecMuzzlePos0,29.957|-3.597|-2.666
weapon_m249,_base,weapon_m249_prefab
weapon_m249,_class,weapon_m249
weapon_m249,_not_pickable,1
weapon_m249,m_GearSlot,GEAR_SLOT_RIFLE
weapon_m249,m_GearSlotPosition,0
weapon_m249,m_WeaponType,WEAPONTYPE_MACHINEGUN
weapon_m249,m_bAllowFlipping,true
weapon_m249,m_bAutoSwitchFrom,true
weapon_m249,m_bAutoSwitchTo,true
weapon_m249,m_bBuiltRightHanded,true
weapon_m249,m_bCannotShootUnderwater,false
weapon_m249,m_bHasBurstMode,false
weapon_m249,m_bHideViewModelWhenZoomed,false
weapon_m249,m_bIsFullAuto,true
weapon_m249,m_bIsRevolver,false
weapon_m249,m_bMeleeWeapon,false
weapon_m249,m_bReserveAmmoAsClips,true
weapon_m249,m_bUnzoomsAfterShot,false
weapon_m249,m_eSilencerType,WEAPONSILENCER_NONE
weapon_m249,m_flArmorRatio,1.6
weapon_m249,m_flAttackMovespeedFactor,1.0
weapon_m249,m_flCycleTime,0.08
weapon_m249,m_flCycleTimeWhenInBurstMode,0.0
weapon_m249,m_flDeployDuration,1.1
weapon_m249,m_flDisallowAttackAfterReloadStartDuration,5.7
weapon_m249,m_flFlinchVelocityModifierLarge,0.4
weapon_m249,m_flFlinchVelocityModifierSmall,0.55
weapon_m249,m_flHeadshotMultiplier,4.0
weapon_m249,m_flInaccuracyAltSoundThreshold,0.0
weapon_m249,m_flInaccuracyCrouch,0.00534|0.00534
weapon_m249,m_flInaccuracyFire,0.00356|0.00356
weapon_m249,m_flInaccuracyJump,0.27947|0.27947
weapon_m249,m_flInaccuracyJumpApex,0.0
weapon_m249,m_flInaccuracyJumpInitial,0.11827
weapon_m249,m_flInaccuracyLadder,0.13281|0.13281
weapon_m249,m_flInaccuracyLand,0.000398|0.000398
weapon_m249,m_flInaccuracyMove,0.15625|0.15625
weapon_m249,m_flInaccuracyPitchShift,0.0
weapon_m249,m_flInaccuracyReload,0.0
weapon_m249,m_flInaccuracyStand,0.0077|0.0077
weapon_m249,m_flMaxSpeed,195.0|195.0
weapon_m249,m_flPenetration,2.0
weapon_m249,m_flRange,8192.0
weapon_m249,m_flRangeModifier,0.97
weapon_m249,m_flRecoilAngle,0.0|0.0
weapon_m249,m_flRecoilAngleVariance,50.0|50.0
weapon_m249,m_flRecoilMagnitude,25.0|25.0
weapon_m249,m_flRecoilMagnitudeVariance,2.0|2.0
weapon_m249,m_flRecoveryTimeCrouch,0.592093
weapon_m249,m_flRecoveryTimeCrouchFinal,0.592093
weapon_m249,m_flRecoveryTimeStand,0.828931
weapon_m249,m_flRecoveryTimeStandFinal,0.828931
weapon_m249,m_flSpread,0.002|0.002
weapon_m249,m_flTimeBetweenBurstShots,0.0
weapon_m249,m_flZoomTime0,0.0
weapon_m249,m_flZoomTime1,0.0
weapon_m249,m_flZoomTime2,0.0
weapon_m249,m_iDefaultClip1,-1
weapon_m249,m_iDefaultClip2,-1
weapon_m249,m_iMaxClip1,100
weapon_m249,m_iMaxClip2,0
weapon_m249,m_iRumbleEffect,2
weapon_m249,m_iWeight,25
weapon_m249,m_nCrosshairDeltaDistance,3
weapon_m249,m_nCrosshairMinDistance,6
weapon_m249,m_nDamage,32
weapon_m249,m_nKillAward,300
weapon_m249,m_nNumBullets,1
weapon_m249,m_nPrice,5200
weapon_m249,m_nPrimaryAmmoType,BULLET_PLAYER_556MM_BOX
weapon_m249,m_nPrimaryReserveAmmoMax,2
weapon_m249,m_nRecoilSeed,50310
weapon_m249,m_nRecoveryTransitionEndBullet,5
weapon_m249,m_nRecoveryTransitionStartBullet,2
weapon_m249,m_nSecondaryReserveAmmoMax,0
weapon_m249,m_nSpreadSeed,0
weapon_m249,m_nTracerFrequency,1
weapon_m249,m_nZoomFOV1,90
weapon_m249,m_nZoomFOV2,90
weapon_m249,m_nZoomLevels,0
weapon_m249,m_szAnimSkeleton,animation/skeletons/weapons/m249.vnmskel
weapon_m249,m_szName,weapon_m249
weapon_m249,m_szTracerParticle,particles/weapons/cs_weapon_fx/weapon_tracers_mach.vpcf
weapon_m249,m_szWorldModel,weapons/models/m249/weapon_mach_m249.vmdl
weapon_m249,m_vecMuzzlePos0,52.925|-7.43|-3.928
weapon_negev,_base,weapon_negev_prefab
weapon_negev,_class,weapon_negev
weapon_negev,_not_pickable,1
weapon_negev,m_GearSlot,GEAR_SLOT_RIFLE
weapon_negev,m_GearSlotPosition,0
weapon_negev,m_WeaponType,WEAPONTYPE_MACHINEGUN
weapon_negev,m_bAllowFlipping,true
weapon_negev,m_bAutoSwitchFrom,true
weapon_negev,m_bAutoSwitchTo,true
weapon_negev,m_bBuiltRightHanded,true
weapon_negev,m_bCannotShootUnderwater,false
weapon_negev,m_bHasBurstMode,false
weapon_negev,m_bHideViewModelWhenZoomed,false
weapon_negev,m_bIsFullAuto,true
weapon_negev,m_bIsRevolver,false
weapon_negev,m_bMeleeWeapon,false
weapon_negev,m_bReserveAmmoAsClips,true
weapon_negev,m_bUnzoomsAfterShot,false
weapon_negev,m_eSilencerType,WEAPONSILENCER_NONE
weapon_negev,m_flArmorRatio,1.42
weapon_negev,m_flAttackMovespeedFactor,0.5
weapon_negev,m_flCycleTime,0.075
weapon_negev,m_flCycleTimeWhenInBurstMode,0.0
weapon_negev,m_flDeployDuration,1.1
weapon_negev,m_flDisallowAttackAfterReloadStartDuration,5.7
weapon_negev,m_flFlinchVelocityModifierLarge,0.4
weapon_negev,m_flFlinchVelocityModifierSmall,0.55
weapon_negev,m_flHeadshotMultiplier,4.0
weapon_negev,m_flInaccuracyAltSoundThreshold,0.02
weapon_negev,m_flInaccuracyCrouch,0.00763|0.00763
weapon_negev,m_flInaccuracyFire,0.03|0.00337
weapon_negev,m_flInaccuracyJump,0.29223|0.29223
weapon_negev,m_flInaccuracyJumpApex,0.0
weapon_negev,m_flInaccuracyJumpInitial,0.11629
weapon_negev,m_flInaccuracyLadder,0.13643|0.13643
weapon_negev,m_flInaccuracyLand,0.000409|0.000409
weapon_negev,m_flInaccuracyMove,0.15914|0.15914
weapon_negev,m_flInaccuracyPitchShift,-50.0
weapon_negev,m_flInaccuracyReload,0.0
weapon_negev,m_flInaccuracyStand,0.01017|0.01017
weapon_negev,m_flMaxSpeed,150.0|150.0
weapon_negev,m_flPenetration,2.0
weapon_negev,m_flRange,8192.0
weapon_negev,m_flRangeModifier,0.97
weapon_negev,m_flRecoilAngle,0.0|0.0
weapon_negev,m_flRecoilAngleVariance,0.0|0.0
weapon_negev,m_flRecoilMagnitude,20.0|20.0
weapon_negev,m_flRecoilMagnitudeVariance,2.0|2.0
weapon_negev,m_flRecoveryTimeCrouch,0.25
weapon_negev,m_flRecoveryTimeCrouchFinal,0.08
weapon_negev,m_flRecoveryTimeStand,0.3
weapon_negev,m_flRecoveryTimeStandFinal,0.1
weapon_negev,m_flSpread,0.002|0.002
weapon_negev,m_flTimeBetweenBurstShots,0.0
weapon_negev,m_flZoomTime0,0.0
weapon_negev,m_flZoomTime1,0.0
weapon_negev,m_flZoomTime2,0.0
weapon_negev,m_iDefaultClip1,-1
weapon_negev,m_iDefaultClip2,-1
weapon_negev,m_iMaxClip1,150
weapon_negev,m_iMaxClip2,0
weapon_negev,m_iRumbleEffect,2
weapon_negev,m_iWeight,25
weapon_negev,m_nCrosshairDeltaDistance,3
weapon_negev,m_nCrosshairMinDistance,6
weapon_negev,m_nDamage,35
weapon_negev,m_nKillAward,300
weapon_negev,m_nNumBullets,1
weapon_negev,m_nPrice,1700
weapon_negev,m_nPrimaryAmmoType,BULLET_PLAYER_556MM_BOX
weapon_negev,m_nPrimaryReserveAmmoMax,2
weapon_negev,m_nRecoilSeed,57966
weapon_negev,m_nRecoveryTransitionEndBullet,12
weapon_negev,m_nRecoveryTransitionStartBullet,9
weapon_negev,m_nSecondaryReserveAmmoMax,0
weapon_negev,m_nSpreadSeed,0
weapon_negev,m_nTracerFrequency,1
weapon_negev,m_nZoomFOV1,90
weapon_negev,m_nZoomFOV2,90
weapon_negev,m_nZoomLevels,0
weapon_negev,m_szAnimSkeleton,animation/skeletons/weapons/negev.vnmskel
weapon_negev,m_szName,weapon_negev
weapon_negev,m_szTracerParticle,particles/weapons/cs_weapon_fx/weapon_tracers_mach.vpcf
weapon_negev,m_szWorldModel,weapons/models/negev/weapon_mach_negev.vmdl
weapon_negev,m_vecMuzzlePos0,45.371|-7.503|-3.87
weapon_ssg08,_base,weapon_ssg08_prefab
weapon_ssg08,_class,weapon_ssg08
weapon_ssg08,_not_pickable,1
weapon_ssg08,m_GearSlot,GEAR_SLOT_RIFLE
weapon_ssg08,m_GearSlotPosition,0
weapon_ssg08,m_WeaponType,WEAPONTYPE_SNIPER_RIFLE
weapon_ssg08,m_bAllowFlipping,true
weapon_ssg08,m_bAutoSwitchFrom,true
weapon_ssg08,m_bAutoSwitchTo,true
weapon_ssg08,m_bBuiltRightHanded,true
weapon_ssg08,m_bCannotShootUnderwater,false
weapon_ssg08,m_bHasBurstMode,false
weapon_ssg08,m_bHideViewModelWhenZoomed,true
weapon_ssg08,m_bIsFullAuto,false
weapon_ssg08,m_bIsRevolver,false
weapon_ssg08,m_bMeleeWeapon,false
weapon_ssg08,m_bReserveAmmoAsClips,true
weapon_ssg08,m_bUnzoomsAfterShot,true
weapon_ssg08,m_eSilencerType,WEAPONSILENCER_NONE
weapon_ssg08,m_flArmorRatio,1.7
weapon_ssg08,m_flAttackMovespeedFactor,1.0
weapon_ssg08,m_flCycleTime,1.25
weapon_ssg08,m_flCycleTimeWhenInBurstMode,0.0
weapon_ssg08,m_flDeployDuration,1.0
weapon_ssg08,m_flDisallowAttackAfterReloadStartDuration,3.7
weapon_ssg08,m_flFlinchVelocityModifierLarge,0.35
weapon_ssg08,m_flFlinchVelocityModifierSmall,0.4
weapon_ssg08,m_flHeadshotMultiplier,4.0
weapon_ssg08,m_flInaccuracyAltSoundThreshold,0.0
weapon_ssg08,m_flInaccuracyCrouch,0.02378|0.0028
weapon_ssg08,m_flInaccuracyFire,0.02292|0.02292
weapon_ssg08,m_flInaccuracyJump,0.00572|0.00572
weapon_ssg08,m_flInaccuracyJumpApex,0.0
weapon_ssg08,m_flInaccuracyJumpInitial,0.20872
weapon_ssg08,m_flInaccuracyLadder,0.09549|0.09549
weapon_ssg08,m_flInaccuracyLand,0.000215|0.000215
weapon_ssg08,m_flInaccuracyMove,0.12345|0.12345
weapon_ssg08,m_flInaccuracyPitchShift,0.0
weapon_ssg08,m_flInaccuracyReload,0.0
weapon_ssg08,m_flInaccuracyStand,0.0317|0.003
weapon_ssg08,m_flMaxSpeed,230.0|230.0
weapon_ssg08,m_flPenetration,2.5
weapon_ssg08,m_flRange,8192.0
weapon_ssg08,m_flRangeModifier,0.98
weapon_ssg08,m_flRecoilAngle,0.0|0.0
weapon_ssg08,m_flRecoilAngleVariance,20.0|20.0
weapon_ssg08,m_flRecoilMagnitude,33.0|25.0
weapon_ssg08,m_flRecoilMagnitudeVariance,15.0|2.0
weapon_ssg08,m_flRecoveryTimeCrouch,0.055783
weapon_ssg08,m_flRecoveryTimeCrouchFinal,0.055783
weapon_ssg08,m_flRecoveryTimeStand,0.142096
weapon_ssg08,m_flRecoveryTimeStandFinal,0.142096
weapon_ssg08,m_flSpread,0.00028|0.00023
weapon_ssg08,m_flTimeBetweenBurstShots,0.0
weapon_ssg08,m_flZoomTime0,0.05
weapon_ssg08,m_flZoomTime1,0.05
weapon_ssg08,m_flZoomTime2,0.05
weapon_ssg08,m_iDefaultClip1,-1
weapon_ssg08,m_iDefaultClip2,-1
weapon_ssg08,m_iMaxClip1,10
weapon_ssg08,m_iMaxClip2,0
weapon_ssg08,m_iRumbleEffect,4
weapon_ssg08,m_iWeight,30
weapon_ssg08,m_nCrosshairDeltaDistance,3
weapon_ssg08,m_nCrosshairMinDistance,5
weapon_ssg08,m_nDamage,88
weapon_ssg08,m_nKillAward,300
weapon_ssg08,m_nNumBullets,1
weapon_ssg08,m_nPrice,1700
weapon_ssg08,m_nPrimaryAmmoType,BULLET_PLAYER_762MM
weapon_ssg08,m_nPrimaryReserveAmmoMax,2
weapon_ssg08,m_nRecoilSeed,1278
weapon_ssg08,m_nRecoveryTransitionEndBullet,5
weapon_ssg08,m_nRecoveryTransitionStartBullet,2
weapon_ssg08,m_nSecondaryReserveAmmoMax,0
weapon_ssg08,m_nSpreadSeed,0
weapon_ssg08,m_nTracerFrequency,1
weapon_ssg08,m_nZoomFOV1,40
weapon_ssg08,m_nZoomFOV2,15
weapon_ssg08,m_nZoomLevels,2
weapon_ssg08,m_szAnimSkeleton,animation/skeletons/weapons/ssg08.vnmskel
weapon_ssg08,m_szName,weapon_ssg08
weapon_ssg08,m_szTracerParticle,particles/weapons/cs_weapon_fx/weapon_tracers_rifle_ssg.vpcf
weapon_ssg08,m_szWorldModel,weapons/models/ssg08/weapon_snip_ssg08.vmdl
weapon_ssg08,m_vecMuzzlePos0,48.901|-5.688|-3.681
weapon_awp,_base,weapon_awp_prefab
weapon_awp,_class,weapon_awp
weapon_awp,_not_pickable,1
weapon_awp,m_GearSlot,GEAR_SLOT_RIFLE
weapon_awp,m_GearSlotPosition,0
weapon_awp,m_WeaponType,WEAPONTYPE_SNIPER_RIFLE
weapon_awp,m_bAllowFlipping,true
weapon_awp,m_bAutoSwitchFrom,true
weapon_awp,m_bAutoSwitchTo,true
weapon_awp,m_bBuiltRightHanded,true
weapon_awp,m_bCannotShootUnderwater,false
weapon_awp,m_bHasBurstMode,false
weapon_awp,m_bHideViewModelWhenZoomed,true
weapon_awp,m_bIsFullAuto,false
weapon_awp,m_bIsRevolver,false
weapon_awp,m_bMeleeWeapon,false
weapon_awp,m_bReserveAmmoAsClips,true
weapon_awp,m_bUnzoomsAfterShot,true
weapon_awp,m_eSilencerType,WEAPONSILENCER_NONE
weapon_awp,m_flArmorRatio,1.95
weapon_awp,m_flAttackMovespeedFactor,1.0
weapon_awp,m_flCycleTime,1.455
weapon_awp,m_flCycleTimeWhenInBurstMode,0.0
weapon_awp,m_flDeployDuration,1.266667
weapon_awp,m_flDisallowAttackAfterReloadStartDuration,3.666667
weapon_awp,m_flFlinchVelocityModifierLarge,0.35
weapon_awp,m_flFlinchVelocityModifierSmall,0.4
weapon_awp,m_flHeadshotMultiplier,4.0
weapon_awp,m_flInaccuracyAltSoundThreshold,0.0
weapon_awp,m_flInaccuracyCrouch,0.0606|0.0015
weapon_awp,m_flInaccuracyFire,0.05385|0.05385
weapon_awp,m_flInaccuracyJump,0.13383|0.13383
weapon_awp,m_flInaccuracyJumpApex,0.0
weapon_awp,m_flInaccuracyJumpInitial,0.17286
weapon_awp,m_flInaccuracyLadder,0.1365|0.1365
weapon_awp,m_flInaccuracyLand,0.000307|0.0001
weapon_awp,m_flInaccuracyMove,0.17648|0.17648
weapon_awp,m_flInaccuracyPitchShift,0.0
weapon_awp,m_flInaccuracyReload,0.0
weapon_awp,m_flInaccuracyStand,0.0808|0.002
weapon_awp,m_flMaxSpeed,200.0|100.0
weapon_awp,m_flPenetration,2.5
weapon_awp,m_flRange,8192.0
weapon_awp,m_flRangeModifier,0.99
weapon_awp,m_flRecoilAngle,0.0|0.0
weapon_awp,m_flRecoilAngleVariance,20.0|20.0
weapon_awp,m_flRecoilMagnitude,78.0|25.0
weapon_awp,m_flRecoilMagnitudeVariance,15.0|2.0
weapon_awp,m_flRecoveryTimeCrouch,0.24671
weapon_awp,m_flRecoveryTimeCrouchFinal,0.24671
weapon_awp,m_flRecoveryTimeStand,0.34539
weapon_awp,m_flRecoveryTimeStandFinal,0.34539
weapon_awp,m_flSpread,0.0002|0.0002
weapon_awp,m_flTimeBetweenBurstShots,0.0
weapon_awp,m_flZoomTime0,0.05
weapon_awp,m_flZoomTime1,0.05
weapon_awp,m_flZoomTime2,0.05
weapon_awp,m_iDefaultClip1,-1
weapon_awp,m_iDefaultClip2,-1
weapon_awp,m_iMaxClip1,5
weapon_awp,m_iMaxClip2,0
weapon_awp,m_iRumbleEffect,2
weapon_awp,m_iWeight,30
weapon_awp,m_nCrosshairDeltaDistance,3
weapon_awp,m_nCrosshairMinDistance,8
weapon_awp,m_nDamage,115
weapon_awp,m_nKillAward,100
weapon_awp,m_nNumBullets,1
weapon_awp,m_nPrice,4750
weapon_awp,m_nPrimaryAmmoType,BULLET_PLAYER_338MAG
weapon_awp,m_nPrimaryReserveAmmoMax,2
weapon_awp,m_nRecoilSeed,4100
weapon_awp,m_nRecoveryTransitionEndBullet,5
weapon_awp,m_nRecoveryTransitionStartBullet,2
weapon_awp,m_nSecondaryReserveAmmoMax,0
weapon_awp,m_nSpreadSeed,0
weapon_awp,m_nTracerFrequency,1
weapon_awp,m_nZoomFOV1,40
weapon_awp,m_nZoomFOV2,10
weapon_awp,m_nZoomLevels,2
weapon_awp,m_szAnimSkeleton,animation/skeletons/weapons/awp.vnmskel
weapon_awp,m_szName,weapon_awp
weapon_awp,m_szTracerParticle,particles/weapons/cs_weapon_fx/weapon_tracers_rifle.vpcf
weapon_awp,m_szWorldModel,weapons/models/awp/weapon_snip_awp.vmdl
weapon_awp,m_vecMuzzlePos0,54.128|-5.022|-3.124
weapon_g3sg1,_base,weapon_g3sg1_prefab
weapon_g3sg1,_class,weapon_g3sg1
weapon_g3sg1,_not_pickable,1
weapon_g3sg1,m_GearSlot,GEAR_SLOT_RIFLE
weapon_g3sg1,m_GearSlotPosition,0
weapon_g3sg1,m_WeaponType,WEAPONTYPE_SNIPER_RIFLE
weapon_g3sg1,m_bAllowFlipping,true
weapon_g3sg1,m_bAutoSwitchFrom,true
weapon_g3sg1,m_bAutoSwitchTo,true
weapon_g3sg1,m_bBuiltRightHanded,true
weapon_g3sg1,m_bCannotShootUnderwater,false
weapon_g3sg1,m_bHasBurstMode,false
weapon_g3sg1,m_bHideViewModelWhenZoomed,true
weapon_g3sg1,m_bIsFullAuto,true
weapon_g3sg1,m_bIsRevolver,false
weapon_g3sg1,m_bMeleeWeapon,false
weapon_g3sg1,m_bReserveAmmoAsClips,true
weapon_g3sg1,m_bUnzoomsAfterShot,false
weapon_g3sg1,m_eSilencerType,WEAPONSILENCER_NONE
weapon_g3sg1,m_flArmorRatio,1.65
weapon_g3sg1,m_flAttackMovespeedFactor,1.0
weapon_g3sg1,m_flCycleTime,0.25
weapon_g3sg1,m_flCycleTimeWhenInBurstMode,0.0
weapon_g3sg1,m_flDeployDuration,1.0
weapon_g3sg1,m_flDisallowAttackAfterReloadStartDuration,4.666667
weapon_g3sg1,m_flFlinchVelocityModifierLarge,0.5
weapon_g3sg1,m_flFlinchVelocityModifierSmall,0.65
weapon_g3sg1,m_flHeadshotMultiplier,4.0
weapon_g3sg1,m_flInaccuracyAltSoundThreshold,0.0
weapon_g3sg1,m_flInaccuracyCrouch,0.01935|0.0015
weapon_g3sg1,m_flInaccuracyFire,0.01861|0.01861
weapon_g3sg1,m_flInaccuracyJump,0.15377|0.15377
weapon_g3sg1,m_flInaccuracyJumpApex,0.0
weapon_g3sg1,m_flInaccuracyJumpInitial,0.10769
weapon_g3sg1,m_flInaccuracyLadder,0.11639|0.11639
weapon_g3sg1,m_flInaccuracyLand,0.000262|0.000262
weapon_g3sg1,m_flInaccuracyMove,0.15048|0.15048
weapon_g3sg1,m_flInaccuracyPitchShift,0.0
weapon_g3sg1,m_flInaccuracyReload,0.0
weapon_g3sg1,m_flInaccuracyStand,0.0258|0.002
weapon_g3sg1,m_flMaxSpeed,215.0|120.0
weapon_g3sg1,m_flPenetration,2.5
weapon_g3sg1,m_flRange,8192.0
weapon_g3sg1,m_flRangeModifier,0.98
weapon_g3sg1,m_flRecoilAngle,0.0|0.0
weapon_g3sg1,m_flRecoilAngleVariance,30.0|30.0
weapon_g3sg1,m_flRecoilMagnitude,30.0|30.0
weapon_g3sg1,m_flRecoilMagnitudeVariance,4.0|4.0
weapon_g3sg1,m_flRecoveryTimeCrouch,0.388808
weapon_g3sg1,m_flRecoveryTimeCrouchFinal,0.388808
weapon_g3sg1,m_flRecoveryTimeStand,0.544331
weapon_g3sg1,m_flRecoveryTimeStandFinal,0.544331
weapon_g3sg1,m_flSpread,0.0003|0.0003
weapon_g3sg1,m_flTimeBetweenBurstShots,0.0
weapon_g3sg1,m_flZoomTime0,0.05
weapon_g3sg1,m_flZoomTime1,0.05
weapon_g3sg1,m_flZoomTime2,0.05
weapon_g3sg1,m_iDefaultClip1,-1
weapon_g3sg1,m_iDefaultClip2,-1
weapon_g3sg1,m_iMaxClip1,20
weapon_g3sg1,m_iMaxClip2,0
weapon_g3sg1,m_iRumbleEffect,4
weapon_g3sg1,m_iWeight,20
weapon_g3sg1,m_nCrosshairDeltaDistance,4
weapon_g3sg1,m_nCrosshairMinDistance,6
weapon_g3sg1,m_nDamage,80
weapon_g3sg1,m_nKillAward,300
weapon_g3sg1,m_nNumBullets,1
weapon_g3sg1,m_nPrice,5000
weapon_g3sg1,m_nPrimaryAmmoType,BULLET_PLAYER_762MM
weapon_g3sg1,m_nPrimaryReserveAmmoMax,2
weapon_g3sg1,m_nRecoilSeed,29908
weapon_g3sg1,m_nRecoveryTransitionEndBullet,5
weapon_g3sg1,m_nRecoveryTransitionStartBullet,2
weapon_g3sg1,m_nSecondaryReserveAmmoMax,0
weapon_g3sg1,m_nSpreadSeed,0
weapon_g3sg1,m_nTracerFrequency,1
weapon_g3sg1,m_nZoomFOV1,40
weapon_g3sg1,m_nZoomFOV2,15
weapon_g3sg1,m_nZoomLevels,2
weapon_g3sg1,m_szAnimSkeleton,animation/skeletons/weapons/g3sg1.vnmskel
weapon_g3sg1,m_szName,weapon_g3sg1
weapon_g3sg1,m_szTracerParticle,particles/weapons/cs_weapon_fx/weapon_tracers_rifle_ssg.vpcf
weapon_g3sg1,m_szWorldModel,weapons/models/g3sg1/weapon_snip_g3sg1.vmdl
weapon_g3sg1,m_vecMuzzlePos0,45.492|-5.287|-4.119
weapon_scar20,_base,weapon_scar20_prefab
weapon_scar20,_class,weapon_scar20
weapon_scar20,_not_pickable,1
weapon_scar20,m_GearSlot,GEAR_SLOT_RIFLE
weapon_scar20,m_GearSlotPosition,0
weapon_scar20,m_WeaponType,WEAPONTYPE_SNIPER_RIFLE
weapon_scar20,m_bAllowFlipping,true
weapon_scar20,m_bAutoSwitchFrom,true
weapon_scar20,m_bAutoSwitchTo,true
weapon_scar20,m_bBuiltRightHanded,true
weapon_scar20,m_bCannotShootUnderwater,false
weapon_scar20,m_bHasBurstMode,false
weapon_scar20,m_bHideViewModelWhenZoomed,true
weapon_scar20,m_bIsFullAuto,true
weapon_scar20,m_bIsRevolver,false
weapon_scar20,m_bMeleeWeapon,false
weapon_scar20,m_bReserveAmmoAsClips,true
weapon_scar20,m_bUnzoomsAfterShot,false
weapon_scar20,m_eSilencerType,WEAPONSILENCER_NONE
weapon_scar20,m_flArmorRatio,1.65
weapon_scar20,m_flAttackMovespeedFactor,1.0
weapon_scar20,m_flCycleTime,0.25
weapon_scar20,m_flCycleTimeWhenInBurstMode,0.0
weapon_scar20,m_flDeployDuration,1.0
weapon_scar20,m_flDisallowAttackAfterReloadStartDuration,3.066667
weapon_scar20,m_flFlinchVelocityModifierLarge,0.35
weapon_scar20,m_flFlinchVelocityModifierSmall,0.4
weapon_scar20,m_flHeadshotMultiplier,4.0
weapon_scar20,m_flInaccuracyAltSoundThreshold,0.0
weapon_scar20,m_flInaccuracyCrouch,0.01935|0.0015
weapon_scar20,m_flInaccuracyFire,0.01861|0.01861
weapon_scar20,m_flInaccuracyJump,0.15377|0.15377
weapon_scar20,m_flInaccuracyJumpApex,0.0
weapon_scar20,m_flInaccuracyJumpInitial,0.10769
weapon_scar20,m_flInaccuracyLadder,0.11639|0.11639
weapon_scar20,m_flInaccuracyLand,0.000262|0.000262
weapon_scar20,m_flInaccuracyMove,0.15048|0.15048
weapon_scar20,m_flInaccuracyPitchShift,0.0
weapon_scar20,m_flInaccuracyReload,0.0
weapon_scar20,m_flInaccuracyStand,0.0258|0.002
weapon_scar20,m_flMaxSpeed,215.0|120.0
weapon_scar20,m_flPenetration,2.5
weapon_scar20,m_flRange,8192.0
weapon_scar20,m_flRangeModifier,0.98
weapon_scar20,m_flRecoilAngle,0.0|0.0
weapon_scar20,m_flRecoilAngleVariance,30.0|30.0
weapon_scar20,m_flRecoilMagnitude,31.0|31.0
weapon_scar20,m_flRecoilMagnitudeVariance,4.0|4.0
weapon_scar20,m_flRecoveryTimeCrouch,0.388808
weapon_scar20,m_flRecoveryTimeCrouchFinal,0.388808
weapon_scar20,m_flRecoveryTimeStand,0.544331
weapon_scar20,m_flRecoveryTimeStandFinal,0.544331
weapon_scar20,m_flSpread,0.0003|0.0003
weapon_scar20,m_flTimeBetweenBurstShots,0.0
weapon_scar20,m_flZoomTime0,0.05
weapon_scar20,m_flZoomTime1,0.05
weapon_scar20,m_flZoomTime2,0.05
weapon_scar20,m_iDefaultClip1,-1
weapon_scar20,m_iDefaultClip2,-1
weapon_scar20,m_iMaxClip1,20
weapon_scar20,m_iMaxClip2,0
weapon_scar20,m_iRumbleEffect,4
weapon_scar20,m_iWeight,20
weapon_scar20,m_nCrosshairDeltaDistance,4
weapon_scar20,m_nCrosshairMinDistance,6
weapon_scar20,m_nDamage,80
weapon_scar20,m_nKillAward,300
weapon_scar20,m_nNumBullets,1
weapon_scar20,m_nPrice,5000
weapon_scar20,m_nPrimaryAmmoType,BULLET_PLAYER_762MM
weapon_scar20,m_nPrimaryReserveAmmoMax,2
weapon_scar20,m_nRecoilSeed,19364
weapon_scar20,m_nRecoveryTransitionEndBullet,5
weapon_scar20,m_nRecoveryTransitionStartBullet,2
weapon_scar20,m_nSecondaryReserveAmmoMax,0
weapon_scar20,m_nSpreadSeed,0
weapon_scar20,m_nTracerFrequency,1
weapon_scar20,m_nZoomFOV1,40
weapon_scar20,m_nZoomFOV2,15
weapon_scar20,m_nZoomLevels,2
weapon_scar20,m_szAnimSkeleton,animation/skeletons/weapons/scar20.vnmskel
weapon_scar20,m_szName,weapon_scar20
weapon_scar20,m_szTracerParticle,particles/weapons/cs_weapon_fx/weapon_tracers_rifle_scar.vpcf
weapon_scar20,m_szWorldModel,weapons/models/scar20/weapon_snip_scar20.vmdl
weapon_scar20,m_vecMuzzlePos0,44.474|-5.69|-4.37
